OBJECTID,ORIGID,CountyName,PopulationCensus16,TimeStamp,IGEasting,IGNorthing,Lat,Long,UGI,ConfirmedCovidCases,PopulationProportionCovidCases,ConfirmedCovidDeaths,ConfirmedCovidRecovered,SHAPE_Length,SHAPE_Area
1,1,Carlow,56932,2020/02/27 00:00:00,278661,163444,52.7168,-6.8367,http://data.geohive.ie/resource/county/2ae19629-143d-13a3-e055-000000000001,0,,,,2.2841588558823,0.11886319621816
2,2,Cavan,76176,2020/02/27 00:00:00,246380,304501,53.9878,-7.2937,http://data.geohive.ie/resource/county/2ae19629-1448-13a3-e055-000000000001,0,,,,3.7674112393481,0.264466477248625
3,3,Clare,118817,2020/02/27 00:00:00,133493,182732,52.8917,-8.9889,http://data.geohive.ie/resource/county/2ae19629-1450-13a3-e055-000000000001,0,,,,7.57590737284564,0.425059339393012
4,4,Cork,542868,2020/02/27 00:00:00,156242,77860,51.9517,-8.6372,http://data.geohive.ie/resource/county/2ae19629-1451-13a3-e055-000000000001,0,,,,16.2842231601792,0.972002189699991
5,5,Donegal,159192,2020/02/27 00:00:00,202615,405691,54.8989,-7.96,http://data.geohive.ie/resource/county/2ae19629-1452-13a3-e055-000000000001,0,,,,15.6269075952594,0.678171191480014
6,6,Dublin,1347359,2020/02/27 00:00:00,313762,235813,53.3605,-6.292,http://data.geohive.ie/resource/county/2ae19629-144f-13a3-e055-000000000001,0,,,,3.33393249373436,0.125726810206428
7,7,Galway,258058,2020/02/27 00:00:00,151045,235818,53.3705,-8.7362,http://data.geohive.ie/resource/county/2ae19629-1453-13a3-e055-000000000001,0,,,,14.9724478006633,0.822419408746906
8,8,Kerry,147707,2020/02/27 00:00:00,92975,102996,52.1689,-9.565,http://data.geohive.ie/resource/county/2ae19629-1454-13a3-e055-000000000001,0,,,,13.3238822746544,0.618598264043396
9,9,Kildare,222504,2020/02/27 00:00:00,281262,221513,53.238,-6.7837,http://data.geohive.ie/resource/county/2ae19629-1455-13a3-e055-000000000001,0,,,,3.1081417260637,0.228501976462464
10,10,Kilkenny,99232,2020/02/27 00:00:00,253094,148060,52.5816,-7.2175,http://data.geohive.ie/resource/county/2ae19629-1456-13a3-e055-000000000001,0,,,,3.18306474726685,0.273913527880299
11,11,Laois,84697,2020/02/27 00:00:00,244211,193996,52.9952,-7.3423,http://data.geohive.ie/resource/county/2ae19629-143e-13a3-e055-000000000001,0,,,,2.84615238062105,0.229854718801008
12,12,Leitrim,32044,2020/02/27 00:00:00,200446,319670,54.1261,-7.9939,http://data.geohive.ie/resource/county/2ae19629-143f-13a3-e055-000000000001,0,,,,3.18223092764249,0.218332273298499
13,13,Limerick,194899,2020/02/27 00:00:00,149743,141780,52.5255,-8.7412,http://data.geohive.ie/resource/county/2ae19629-1440-13a3-e055-000000000001,0,,,,4.99975325282574,0.354096693579968
14,14,Longford,40873,2020/02/27 00:00:00,220162,275901,53.7325,-7.6952,http://data.geohive.ie/resource/county/2ae19629-1441-13a3-e055-000000000001,0,,,,2.23033777623013,0.147954107413603
15,15,Louth,128884,2020/02/27 00:00:00,299463,297349,53.9161,-6.487,http://data.geohive.ie/resource/county/2ae19629-1442-13a3-e055-000000000001,0,,,,2.56496387966836,0.113438176617696
16,16,Mayo,130507,2020/02/27 00:00:00,117679,297355,53.9191,-9.2537,http://data.geohive.ie/resource/county/2ae19629-1443-13a3-e055-000000000001,0,,,,15.7035406008684,0.762041894899671
17,17,Meath,195044,2020/02/27 00:00:00,284946,271349,53.6851,-6.715,http://data.geohive.ie/resource/county/2ae19629-1444-13a3-e055-000000000001,0,,,,4.07506730047382,0.318615395076952
18,18,Monaghan,61386,2020/02/27 00:00:00,268914,326818,54.1857,-6.9452,http://data.geohive.ie/resource/county/2ae19629-1445-13a3-e055-000000000001,0,,,,2.84816460737341,0.178099248237119
19,19,Offaly,77961,2020/02/27 00:00:00,222690,223679,53.2632,-7.6607,http://data.geohive.ie/resource/county/2ae19629-1446-13a3-e055-000000000001,0,,,,4.1874865993254,0.268659252623451
20,20,Roscommon,64544,2020/02/27 00:00:00,182029,283486,53.8008,-8.2735,http://data.geohive.ie/resource/county/2ae19629-1447-13a3-e055-000000000001,0,,,,4.46483319992793,0.347529634263766
21,21,Sligo,65535,2020/02/27 00:00:00,165130,323355,54.1581,-8.5345,http://data.geohive.ie/resource/county/2ae19629-1449-13a3-e055-000000000001,0,,,,5.04968010145816,0.252720853615335
22,22,Tipperary,159553,2020/02/27 00:00:00,205427,154345,52.6407,-7.9206,http://data.geohive.ie/resource/county/2ae19629-144a-13a3-e055-000000000001,0,,,,5.61515128034759,0.565636165474652
23,23,Waterford,116176,2020/02/27 00:00:00,234676,105809,52.2035,-7.4935,http://data.geohive.ie/resource/county/2ae19629-144b-13a3-e055-000000000001,0,,,,4.86837867325626,0.239938128906136
24,24,Westmeath,88770,2020/02/27 00:00:00,238362,255966,53.5524,-7.4219,http://data.geohive.ie/resource/county/2ae19629-144c-13a3-e055-000000000001,0,,,,3.08909110754663,0.249849249736791
25,25,Wexford,149722,2020/02/27 00:00:00,301627,141559,52.5164,-6.5037,http://data.geohive.ie/resource/county/2ae19629-144d-13a3-e055-000000000001,0,,,,4.26160195818847,0.311355248463619
26,26,Wicklow,142425,2020/02/27 00:00:00,311162,197894,53.0205,-6.3442,http://data.geohive.ie/resource/county/2ae19629-144e-13a3-e055-000000000001,0,,,,3.02390998597358,0.271161130632389
27,1,Carlow,56932,2020/03/01 00:00:00,278661,163444,52.7168,-6.8367,http://data.geohive.ie/resource/county/2ae19629-143d-13a3-e055-000000000001,0,,,,2.2841588558823,0.11886319621816
28,2,Cavan,76176,2020/03/01 00:00:00,246380,304501,53.9878,-7.2937,http://data.geohive.ie/resource/county/2ae19629-1448-13a3-e055-000000000001,0,,,,3.7674112393481,0.264466477248625
29,3,Clare,118817,2020/03/01 00:00:00,133493,182732,52.8917,-8.9889,http://data.geohive.ie/resource/county/2ae19629-1450-13a3-e055-000000000001,0,,,,7.57590737284564,0.425059339393012
30,4,Cork,542868,2020/03/01 00:00:00,156242,77860,51.9517,-8.6372,http://data.geohive.ie/resource/county/2ae19629-1451-13a3-e055-000000000001,0,,,,16.2842231601792,0.972002189699991
31,5,Donegal,159192,2020/03/01 00:00:00,202615,405691,54.8989,-7.96,http://data.geohive.ie/resource/county/2ae19629-1452-13a3-e055-000000000001,0,,,,15.6269075952594,0.678171191480014
32,6,Dublin,1347359,2020/03/01 00:00:00,313762,235813,53.3605,-6.292,http://data.geohive.ie/resource/county/2ae19629-144f-13a3-e055-000000000001,0,,,,3.33393249373436,0.125726810206428
33,7,Galway,258058,2020/03/01 00:00:00,151045,235818,53.3705,-8.7362,http://data.geohive.ie/resource/county/2ae19629-1453-13a3-e055-000000000001,0,,,,14.9724478006633,0.822419408746906
34,8,Kerry,147707,2020/03/01 00:00:00,92975,102996,52.1689,-9.565,http://data.geohive.ie/resource/county/2ae19629-1454-13a3-e055-000000000001,0,,,,13.3238822746544,0.618598264043396
35,9,Kildare,222504,2020/03/01 00:00:00,281262,221513,53.238,-6.7837,http://data.geohive.ie/resource/county/2ae19629-1455-13a3-e055-000000000001,0,,,,3.1081417260637,0.228501976462464
36,10,Kilkenny,99232,2020/03/01 00:00:00,253094,148060,52.5816,-7.2175,http://data.geohive.ie/resource/county/2ae19629-1456-13a3-e055-000000000001,0,,,,3.18306474726685,0.273913527880299
37,11,Laois,84697,2020/03/01 00:00:00,244211,193996,52.9952,-7.3423,http://data.geohive.ie/resource/county/2ae19629-143e-13a3-e055-000000000001,0,,,,2.84615238062105,0.229854718801008
38,12,Leitrim,32044,2020/03/01 00:00:00,200446,319670,54.1261,-7.9939,http://data.geohive.ie/resource/county/2ae19629-143f-13a3-e055-000000000001,0,,,,3.18223092764249,0.218332273298499
39,13,Limerick,194899,2020/03/01 00:00:00,149743,141780,52.5255,-8.7412,http://data.geohive.ie/resource/county/2ae19629-1440-13a3-e055-000000000001,0,,,,4.99975325282574,0.354096693579968
40,14,Longford,40873,2020/03/01 00:00:00,220162,275901,53.7325,-7.6952,http://data.geohive.ie/resource/county/2ae19629-1441-13a3-e055-000000000001,0,,,,2.23033777623013,0.147954107413603
41,15,Louth,128884,2020/03/01 00:00:00,299463,297349,53.9161,-6.487,http://data.geohive.ie/resource/county/2ae19629-1442-13a3-e055-000000000001,0,,,,2.56496387966836,0.113438176617696
42,16,Mayo,130507,2020/03/01 00:00:00,117679,297355,53.9191,-9.2537,http://data.geohive.ie/resource/county/2ae19629-1443-13a3-e055-000000000001,0,,,,15.7035406008684,0.762041894899671
43,17,Meath,195044,2020/03/01 00:00:00,284946,271349,53.6851,-6.715,http://data.geohive.ie/resource/county/2ae19629-1444-13a3-e055-000000000001,0,,,,4.07506730047382,0.318615395076952
44,18,Monaghan,61386,2020/03/01 00:00:00,268914,326818,54.1857,-6.9452,http://data.geohive.ie/resource/county/2ae19629-1445-13a3-e055-000000000001,0,,,,2.84816460737341,0.178099248237119
45,19,Offaly,77961,2020/03/01 00:00:00,222690,223679,53.2632,-7.6607,http://data.geohive.ie/resource/county/2ae19629-1446-13a3-e055-000000000001,0,,,,4.1874865993254,0.268659252623451
46,20,Roscommon,64544,2020/03/01 00:00:00,182029,283486,53.8008,-8.2735,http://data.geohive.ie/resource/county/2ae19629-1447-13a3-e055-000000000001,0,,,,4.46483319992793,0.347529634263766
47,21,Sligo,65535,2020/03/01 00:00:00,165130,323355,54.1581,-8.5345,http://data.geohive.ie/resource/county/2ae19629-1449-13a3-e055-000000000001,0,,,,5.04968010145816,0.252720853615335
48,22,Tipperary,159553,2020/03/01 00:00:00,205427,154345,52.6407,-7.9206,http://data.geohive.ie/resource/county/2ae19629-144a-13a3-e055-000000000001,0,,,,5.61515128034759,0.565636165474652
49,23,Waterford,116176,2020/03/01 00:00:00,234676,105809,52.2035,-7.4935,http://data.geohive.ie/resource/county/2ae19629-144b-13a3-e055-000000000001,0,,,,4.86837867325626,0.239938128906136
50,24,Westmeath,88770,2020/03/01 00:00:00,238362,255966,53.5524,-7.4219,http://data.geohive.ie/resource/county/2ae19629-144c-13a3-e055-000000000001,0,,,,3.08909110754663,0.249849249736791
51,25,Wexford,149722,2020/03/01 00:00:00,301627,141559,52.5164,-6.5037,http://data.geohive.ie/resource/county/2ae19629-144d-13a3-e055-000000000001,0,,,,4.26160195818847,0.311355248463619
52,26,Wicklow,142425,2020/03/01 00:00:00,311162,197894,53.0205,-6.3442,http://data.geohive.ie/resource/county/2ae19629-144e-13a3-e055-000000000001,0,,,,3.02390998597358,0.271161130632389
53,1,Carlow,56932,2020/03/02 00:00:00,278661,163444,52.7168,-6.8367,http://data.geohive.ie/resource/county/2ae19629-143d-13a3-e055-000000000001,0,,,,2.2841588558823,0.11886319621816
54,2,Cavan,76176,2020/03/02 00:00:00,246380,304501,53.9878,-7.2937,http://data.geohive.ie/resource/county/2ae19629-1448-13a3-e055-000000000001,0,,,,3.7674112393481,0.264466477248625
55,3,Clare,118817,2020/03/02 00:00:00,133493,182732,52.8917,-8.9889,http://data.geohive.ie/resource/county/2ae19629-1450-13a3-e055-000000000001,0,,,,7.57590737284564,0.425059339393012
56,4,Cork,542868,2020/03/02 00:00:00,156242,77860,51.9517,-8.6372,http://data.geohive.ie/resource/county/2ae19629-1451-13a3-e055-000000000001,0,,,,16.2842231601792,0.972002189699991
57,5,Donegal,159192,2020/03/02 00:00:00,202615,405691,54.8989,-7.96,http://data.geohive.ie/resource/county/2ae19629-1452-13a3-e055-000000000001,0,,,,15.6269075952594,0.678171191480014
58,6,Dublin,1347359,2020/03/02 00:00:00,313762,235813,53.3605,-6.292,http://data.geohive.ie/resource/county/2ae19629-144f-13a3-e055-000000000001,0,,,,3.33393249373436,0.125726810206428
59,7,Galway,258058,2020/03/02 00:00:00,151045,235818,53.3705,-8.7362,http://data.geohive.ie/resource/county/2ae19629-1453-13a3-e055-000000000001,0,,,,14.9724478006633,0.822419408746906
60,8,Kerry,147707,2020/03/02 00:00:00,92975,102996,52.1689,-9.565,http://data.geohive.ie/resource/county/2ae19629-1454-13a3-e055-000000000001,0,,,,13.3238822746544,0.618598264043396
61,9,Kildare,222504,2020/03/02 00:00:00,281262,221513,53.238,-6.7837,http://data.geohive.ie/resource/county/2ae19629-1455-13a3-e055-000000000001,0,,,,3.1081417260637,0.228501976462464
62,10,Kilkenny,99232,2020/03/02 00:00:00,253094,148060,52.5816,-7.2175,http://data.geohive.ie/resource/county/2ae19629-1456-13a3-e055-000000000001,0,,,,3.18306474726685,0.273913527880299
63,11,Laois,84697,2020/03/02 00:00:00,244211,193996,52.9952,-7.3423,http://data.geohive.ie/resource/county/2ae19629-143e-13a3-e055-000000000001,0,,,,2.84615238062105,0.229854718801008
64,12,Leitrim,32044,2020/03/02 00:00:00,200446,319670,54.1261,-7.9939,http://data.geohive.ie/resource/county/2ae19629-143f-13a3-e055-000000000001,0,,,,3.18223092764249,0.218332273298499
65,13,Limerick,194899,2020/03/02 00:00:00,149743,141780,52.5255,-8.7412,http://data.geohive.ie/resource/county/2ae19629-1440-13a3-e055-000000000001,0,,,,4.99975325282574,0.354096693579968
66,14,Longford,40873,2020/03/02 00:00:00,220162,275901,53.7325,-7.6952,http://data.geohive.ie/resource/county/2ae19629-1441-13a3-e055-000000000001,0,,,,2.23033777623013,0.147954107413603
67,15,Louth,128884,2020/03/02 00:00:00,299463,297349,53.9161,-6.487,http://data.geohive.ie/resource/county/2ae19629-1442-13a3-e055-000000000001,0,,,,2.56496387966836,0.113438176617696
68,16,Mayo,130507,2020/03/02 00:00:00,117679,297355,53.9191,-9.2537,http://data.geohive.ie/resource/county/2ae19629-1443-13a3-e055-000000000001,0,,,,15.7035406008684,0.762041894899671
69,17,Meath,195044,2020/03/02 00:00:00,284946,271349,53.6851,-6.715,http://data.geohive.ie/resource/county/2ae19629-1444-13a3-e055-000000000001,0,,,,4.07506730047382,0.318615395076952
70,18,Monaghan,61386,2020/03/02 00:00:00,268914,326818,54.1857,-6.9452,http://data.geohive.ie/resource/county/2ae19629-1445-13a3-e055-000000000001,0,,,,2.84816460737341,0.178099248237119
71,19,Offaly,77961,2020/03/02 00:00:00,222690,223679,53.2632,-7.6607,http://data.geohive.ie/resource/county/2ae19629-1446-13a3-e055-000000000001,0,,,,4.1874865993254,0.268659252623451
72,20,Roscommon,64544,2020/03/02 00:00:00,182029,283486,53.8008,-8.2735,http://data.geohive.ie/resource/county/2ae19629-1447-13a3-e055-000000000001,0,,,,4.46483319992793,0.347529634263766
73,21,Sligo,65535,2020/03/02 00:00:00,165130,323355,54.1581,-8.5345,http://data.geohive.ie/resource/county/2ae19629-1449-13a3-e055-000000000001,0,,,,5.04968010145816,0.252720853615335
74,22,Tipperary,159553,2020/03/02 00:00:00,205427,154345,52.6407,-7.9206,http://data.geohive.ie/resource/county/2ae19629-144a-13a3-e055-000000000001,0,,,,5.61515128034759,0.565636165474652
75,23,Waterford,116176,2020/03/02 00:00:00,234676,105809,52.2035,-7.4935,http://data.geohive.ie/resource/county/2ae19629-144b-13a3-e055-000000000001,0,,,,4.86837867325626,0.239938128906136
76,24,Westmeath,88770,2020/03/02 00:00:00,238362,255966,53.5524,-7.4219,http://data.geohive.ie/resource/county/2ae19629-144c-13a3-e055-000000000001,0,,,,3.08909110754663,0.249849249736791
77,25,Wexford,149722,2020/03/02 00:00:00,301627,141559,52.5164,-6.5037,http://data.geohive.ie/resource/county/2ae19629-144d-13a3-e055-000000000001,0,,,,4.26160195818847,0.311355248463619
78,26,Wicklow,142425,2020/03/02 00:00:00,311162,197894,53.0205,-6.3442,http://data.geohive.ie/resource/county/2ae19629-144e-13a3-e055-000000000001,0,,,,3.02390998597358,0.271161130632389
79,1,Carlow,56932,2020/03/03 00:00:00,278661,163444,52.7168,-6.8367,http://data.geohive.ie/resource/county/2ae19629-143d-13a3-e055-000000000001,0,,,,2.2841588558823,0.11886319621816
80,2,Cavan,76176,2020/03/03 00:00:00,246380,304501,53.9878,-7.2937,http://data.geohive.ie/resource/county/2ae19629-1448-13a3-e055-000000000001,0,,,,3.7674112393481,0.264466477248625
81,3,Clare,118817,2020/03/03 00:00:00,133493,182732,52.8917,-8.9889,http://data.geohive.ie/resource/county/2ae19629-1450-13a3-e055-000000000001,0,,,,7.57590737284564,0.425059339393012
82,4,Cork,542868,2020/03/03 00:00:00,156242,77860,51.9517,-8.6372,http://data.geohive.ie/resource/county/2ae19629-1451-13a3-e055-000000000001,0,,,,16.2842231601792,0.972002189699991
83,5,Donegal,159192,2020/03/03 00:00:00,202615,405691,54.8989,-7.96,http://data.geohive.ie/resource/county/2ae19629-1452-13a3-e055-000000000001,0,,,,15.6269075952594,0.678171191480014
84,6,Dublin,1347359,2020/03/03 00:00:00,313762,235813,53.3605,-6.292,http://data.geohive.ie/resource/county/2ae19629-144f-13a3-e055-000000000001,0,,,,3.33393249373436,0.125726810206428
85,7,Galway,258058,2020/03/03 00:00:00,151045,235818,53.3705,-8.7362,http://data.geohive.ie/resource/county/2ae19629-1453-13a3-e055-000000000001,0,,,,14.9724478006633,0.822419408746906
86,8,Kerry,147707,2020/03/03 00:00:00,92975,102996,52.1689,-9.565,http://data.geohive.ie/resource/county/2ae19629-1454-13a3-e055-000000000001,0,,,,13.3238822746544,0.618598264043396
87,9,Kildare,222504,2020/03/03 00:00:00,281262,221513,53.238,-6.7837,http://data.geohive.ie/resource/county/2ae19629-1455-13a3-e055-000000000001,0,,,,3.1081417260637,0.228501976462464
88,10,Kilkenny,99232,2020/03/03 00:00:00,253094,148060,52.5816,-7.2175,http://data.geohive.ie/resource/county/2ae19629-1456-13a3-e055-000000000001,0,,,,3.18306474726685,0.273913527880299
89,11,Laois,84697,2020/03/03 00:00:00,244211,193996,52.9952,-7.3423,http://data.geohive.ie/resource/county/2ae19629-143e-13a3-e055-000000000001,0,,,,2.84615238062105,0.229854718801008
90,12,Leitrim,32044,2020/03/03 00:00:00,200446,319670,54.1261,-7.9939,http://data.geohive.ie/resource/county/2ae19629-143f-13a3-e055-000000000001,0,,,,3.18223092764249,0.218332273298499
91,13,Limerick,194899,2020/03/03 00:00:00,149743,141780,52.5255,-8.7412,http://data.geohive.ie/resource/county/2ae19629-1440-13a3-e055-000000000001,0,,,,4.99975325282574,0.354096693579968
92,14,Longford,40873,2020/03/03 00:00:00,220162,275901,53.7325,-7.6952,http://data.geohive.ie/resource/county/2ae19629-1441-13a3-e055-000000000001,0,,,,2.23033777623013,0.147954107413603
93,15,Louth,128884,2020/03/03 00:00:00,299463,297349,53.9161,-6.487,http://data.geohive.ie/resource/county/2ae19629-1442-13a3-e055-000000000001,0,,,,2.56496387966836,0.113438176617696
94,16,Mayo,130507,2020/03/03 00:00:00,117679,297355,53.9191,-9.2537,http://data.geohive.ie/resource/county/2ae19629-1443-13a3-e055-000000000001,0,,,,15.7035406008684,0.762041894899671
95,17,Meath,195044,2020/03/03 00:00:00,284946,271349,53.6851,-6.715,http://data.geohive.ie/resource/county/2ae19629-1444-13a3-e055-000000000001,0,,,,4.07506730047382,0.318615395076952
96,18,Monaghan,61386,2020/03/03 00:00:00,268914,326818,54.1857,-6.9452,http://data.geohive.ie/resource/county/2ae19629-1445-13a3-e055-000000000001,0,,,,2.84816460737341,0.178099248237119
97,19,Offaly,77961,2020/03/03 00:00:00,222690,223679,53.2632,-7.6607,http://data.geohive.ie/resource/county/2ae19629-1446-13a3-e055-000000000001,0,,,,4.1874865993254,0.268659252623451
98,20,Roscommon,64544,2020/03/03 00:00:00,182029,283486,53.8008,-8.2735,http://data.geohive.ie/resource/county/2ae19629-1447-13a3-e055-000000000001,0,,,,4.46483319992793,0.347529634263766
99,21,Sligo,65535,2020/03/03 00:00:00,165130,323355,54.1581,-8.5345,http://data.geohive.ie/resource/county/2ae19629-1449-13a3-e055-000000000001,0,,,,5.04968010145816,0.252720853615335
100,22,Tipperary,159553,2020/03/03 00:00:00,205427,154345,52.6407,-7.9206,http://data.geohive.ie/resource/county/2ae19629-144a-13a3-e055-000000000001,0,,,,5.61515128034759,0.565636165474652
101,23,Waterford,116176,2020/03/03 00:00:00,234676,105809,52.2035,-7.4935,http://data.geohive.ie/resource/county/2ae19629-144b-13a3-e055-000000000001,0,,,,4.86837867325626,0.239938128906136
102,24,Westmeath,88770,2020/03/03 00:00:00,238362,255966,53.5524,-7.4219,http://data.geohive.ie/resource/county/2ae19629-144c-13a3-e055-000000000001,0,,,,3.08909110754663,0.249849249736791
103,25,Wexford,149722,2020/03/03 00:00:00,301627,141559,52.5164,-6.5037,http://data.geohive.ie/resource/county/2ae19629-144d-13a3-e055-000000000001,0,,,,4.26160195818847,0.311355248463619
104,26,Wicklow,142425,2020/03/03 00:00:00,311162,197894,53.0205,-6.3442,http://data.geohive.ie/resource/county/2ae19629-144e-13a3-e055-000000000001,0,,,,3.02390998597358,0.271161130632389
105,1,Carlow,56932,2020/03/04 00:00:00,278661,163444,52.7168,-6.8367,http://data.geohive.ie/resource/county/2ae19629-143d-13a3-e055-000000000001,0,,,,2.2841588558823,0.11886319621816
106,2,Cavan,76176,2020/03/04 00:00:00,246380,304501,53.9878,-7.2937,http://data.geohive.ie/resource/county/2ae19629-1448-13a3-e055-000000000001,0,,,,3.7674112393481,0.264466477248625
107,3,Clare,118817,2020/03/04 00:00:00,133493,182732,52.8917,-8.9889,http://data.geohive.ie/resource/county/2ae19629-1450-13a3-e055-000000000001,0,,,,7.57590737284564,0.425059339393012
108,4,Cork,542868,2020/03/04 00:00:00,156242,77860,51.9517,-8.6372,http://data.geohive.ie/resource/county/2ae19629-1451-13a3-e055-000000000001,0,,,,16.2842231601792,0.972002189699991
109,5,Donegal,159192,2020/03/04 00:00:00,202615,405691,54.8989,-7.96,http://data.geohive.ie/resource/county/2ae19629-1452-13a3-e055-000000000001,0,,,,15.6269075952594,0.678171191480014
110,6,Dublin,1347359,2020/03/04 00:00:00,313762,235813,53.3605,-6.292,http://data.geohive.ie/resource/county/2ae19629-144f-13a3-e055-000000000001,0,,,,3.33393249373436,0.125726810206428
111,7,Galway,258058,2020/03/04 00:00:00,151045,235818,53.3705,-8.7362,http://data.geohive.ie/resource/county/2ae19629-1453-13a3-e055-000000000001,0,,,,14.9724478006633,0.822419408746906
112,8,Kerry,147707,2020/03/04 00:00:00,92975,102996,52.1689,-9.565,http://data.geohive.ie/resource/county/2ae19629-1454-13a3-e055-000000000001,0,,,,13.3238822746544,0.618598264043396
113,9,Kildare,222504,2020/03/04 00:00:00,281262,221513,53.238,-6.7837,http://data.geohive.ie/resource/county/2ae19629-1455-13a3-e055-000000000001,0,,,,3.1081417260637,0.228501976462464
114,10,Kilkenny,99232,2020/03/04 00:00:00,253094,148060,52.5816,-7.2175,http://data.geohive.ie/resource/county/2ae19629-1456-13a3-e055-000000000001,0,,,,3.18306474726685,0.273913527880299
115,11,Laois,84697,2020/03/04 00:00:00,244211,193996,52.9952,-7.3423,http://data.geohive.ie/resource/county/2ae19629-143e-13a3-e055-000000000001,0,,,,2.84615238062105,0.229854718801008
116,12,Leitrim,32044,2020/03/04 00:00:00,200446,319670,54.1261,-7.9939,http://data.geohive.ie/resource/county/2ae19629-143f-13a3-e055-000000000001,0,,,,3.18223092764249,0.218332273298499
117,13,Limerick,194899,2020/03/04 00:00:00,149743,141780,52.5255,-8.7412,http://data.geohive.ie/resource/county/2ae19629-1440-13a3-e055-000000000001,0,,,,4.99975325282574,0.354096693579968
118,14,Longford,40873,2020/03/04 00:00:00,220162,275901,53.7325,-7.6952,http://data.geohive.ie/resource/county/2ae19629-1441-13a3-e055-000000000001,0,,,,2.23033777623013,0.147954107413603
119,15,Louth,128884,2020/03/04 00:00:00,299463,297349,53.9161,-6.487,http://data.geohive.ie/resource/county/2ae19629-1442-13a3-e055-000000000001,0,,,,2.56496387966836,0.113438176617696
120,16,Mayo,130507,2020/03/04 00:00:00,117679,297355,53.9191,-9.2537,http://data.geohive.ie/resource/county/2ae19629-1443-13a3-e055-000000000001,0,,,,15.7035406008684,0.762041894899671
121,17,Meath,195044,2020/03/04 00:00:00,284946,271349,53.6851,-6.715,http://data.geohive.ie/resource/county/2ae19629-1444-13a3-e055-000000000001,0,,,,4.07506730047382,0.318615395076952
122,18,Monaghan,61386,2020/03/04 00:00:00,268914,326818,54.1857,-6.9452,http://data.geohive.ie/resource/county/2ae19629-1445-13a3-e055-000000000001,0,,,,2.84816460737341,0.178099248237119
123,19,Offaly,77961,2020/03/04 00:00:00,222690,223679,53.2632,-7.6607,http://data.geohive.ie/resource/county/2ae19629-1446-13a3-e055-000000000001,0,,,,4.1874865993254,0.268659252623451
124,20,Roscommon,64544,2020/03/04 00:00:00,182029,283486,53.8008,-8.2735,http://data.geohive.ie/resource/county/2ae19629-1447-13a3-e055-000000000001,0,,,,4.46483319992793,0.347529634263766
125,21,Sligo,65535,2020/03/04 00:00:00,165130,323355,54.1581,-8.5345,http://data.geohive.ie/resource/county/2ae19629-1449-13a3-e055-000000000001,0,,,,5.04968010145816,0.252720853615335
126,22,Tipperary,159553,2020/03/04 00:00:00,205427,154345,52.6407,-7.9206,http://data.geohive.ie/resource/county/2ae19629-144a-13a3-e055-000000000001,0,,,,5.61515128034759,0.565636165474652
127,23,Waterford,116176,2020/03/04 00:00:00,234676,105809,52.2035,-7.4935,http://data.geohive.ie/resource/county/2ae19629-144b-13a3-e055-000000000001,0,,,,4.86837867325626,0.239938128906136
128,24,Westmeath,88770,2020/03/04 00:00:00,238362,255966,53.5524,-7.4219,http://data.geohive.ie/resource/county/2ae19629-144c-13a3-e055-000000000001,0,,,,3.08909110754663,0.249849249736791
129,25,Wexford,149722,2020/03/04 00:00:00,301627,141559,52.5164,-6.5037,http://data.geohive.ie/resource/county/2ae19629-144d-13a3-e055-000000000001,0,,,,4.26160195818847,0.311355248463619
130,26,Wicklow,142425,2020/03/04 00:00:00,311162,197894,53.0205,-6.3442,http://data.geohive.ie/resource/county/2ae19629-144e-13a3-e055-000000000001,0,,,,3.02390998597358,0.271161130632389
131,1,Carlow,56932,2020/03/05 00:00:00,278661,163444,52.7168,-6.8367,http://data.geohive.ie/resource/county/2ae19629-143d-13a3-e055-000000000001,0,,,,2.2841588558823,0.11886319621816
132,2,Cavan,76176,2020/03/05 00:00:00,246380,304501,53.9878,-7.2937,http://data.geohive.ie/resource/county/2ae19629-1448-13a3-e055-000000000001,0,,,,3.7674112393481,0.264466477248625
133,3,Clare,118817,2020/03/05 00:00:00,133493,182732,52.8917,-8.9889,http://data.geohive.ie/resource/county/2ae19629-1450-13a3-e055-000000000001,0,,,,7.57590737284564,0.425059339393012
134,4,Cork,542868,2020/03/05 00:00:00,156242,77860,51.9517,-8.6372,http://data.geohive.ie/resource/county/2ae19629-1451-13a3-e055-000000000001,0,,,,16.2842231601792,0.972002189699991
135,5,Donegal,159192,2020/03/05 00:00:00,202615,405691,54.8989,-7.96,http://data.geohive.ie/resource/county/2ae19629-1452-13a3-e055-000000000001,0,,,,15.6269075952594,0.678171191480014
136,6,Dublin,1347359,2020/03/05 00:00:00,313762,235813,53.3605,-6.292,http://data.geohive.ie/resource/county/2ae19629-144f-13a3-e055-000000000001,0,,,,3.33393249373436,0.125726810206428
137,7,Galway,258058,2020/03/05 00:00:00,151045,235818,53.3705,-8.7362,http://data.geohive.ie/resource/county/2ae19629-1453-13a3-e055-000000000001,0,,,,14.9724478006633,0.822419408746906
138,8,Kerry,147707,2020/03/05 00:00:00,92975,102996,52.1689,-9.565,http://data.geohive.ie/resource/county/2ae19629-1454-13a3-e055-000000000001,0,,,,13.3238822746544,0.618598264043396
139,9,Kildare,222504,2020/03/05 00:00:00,281262,221513,53.238,-6.7837,http://data.geohive.ie/resource/county/2ae19629-1455-13a3-e055-000000000001,0,,,,3.1081417260637,0.228501976462464
140,10,Kilkenny,99232,2020/03/05 00:00:00,253094,148060,52.5816,-7.2175,http://data.geohive.ie/resource/county/2ae19629-1456-13a3-e055-000000000001,0,,,,3.18306474726685,0.273913527880299
141,11,Laois,84697,2020/03/05 00:00:00,244211,193996,52.9952,-7.3423,http://data.geohive.ie/resource/county/2ae19629-143e-13a3-e055-000000000001,0,,,,2.84615238062105,0.229854718801008
142,12,Leitrim,32044,2020/03/05 00:00:00,200446,319670,54.1261,-7.9939,http://data.geohive.ie/resource/county/2ae19629-143f-13a3-e055-000000000001,0,,,,3.18223092764249,0.218332273298499
143,13,Limerick,194899,2020/03/05 00:00:00,149743,141780,52.5255,-8.7412,http://data.geohive.ie/resource/county/2ae19629-1440-13a3-e055-000000000001,0,,,,4.99975325282574,0.354096693579968
144,14,Longford,40873,2020/03/05 00:00:00,220162,275901,53.7325,-7.6952,http://data.geohive.ie/resource/county/2ae19629-1441-13a3-e055-000000000001,0,,,,2.23033777623013,0.147954107413603
145,15,Louth,128884,2020/03/05 00:00:00,299463,297349,53.9161,-6.487,http://data.geohive.ie/resource/county/2ae19629-1442-13a3-e055-000000000001,0,,,,2.56496387966836,0.113438176617696
146,16,Mayo,130507,2020/03/05 00:00:00,117679,297355,53.9191,-9.2537,http://data.geohive.ie/resource/county/2ae19629-1443-13a3-e055-000000000001,0,,,,15.7035406008684,0.762041894899671
147,17,Meath,195044,2020/03/05 00:00:00,284946,271349,53.6851,-6.715,http://data.geohive.ie/resource/county/2ae19629-1444-13a3-e055-000000000001,0,,,,4.07506730047382,0.318615395076952
148,18,Monaghan,61386,2020/03/05 00:00:00,268914,326818,54.1857,-6.9452,http://data.geohive.ie/resource/county/2ae19629-1445-13a3-e055-000000000001,0,,,,2.84816460737341,0.178099248237119
149,19,Offaly,77961,2020/03/05 00:00:00,222690,223679,53.2632,-7.6607,http://data.geohive.ie/resource/county/2ae19629-1446-13a3-e055-000000000001,0,,,,4.1874865993254,0.268659252623451
150,20,Roscommon,64544,2020/03/05 00:00:00,182029,283486,53.8008,-8.2735,http://data.geohive.ie/resource/county/2ae19629-1447-13a3-e055-000000000001,0,,,,4.46483319992793,0.347529634263766
151,21,Sligo,65535,2020/03/05 00:00:00,165130,323355,54.1581,-8.5345,http://data.geohive.ie/resource/county/2ae19629-1449-13a3-e055-000000000001,0,,,,5.04968010145816,0.252720853615335
152,22,Tipperary,159553,2020/03/05 00:00:00,205427,154345,52.6407,-7.9206,http://data.geohive.ie/resource/county/2ae19629-144a-13a3-e055-000000000001,0,,,,5.61515128034759,0.565636165474652
153,23,Waterford,116176,2020/03/05 00:00:00,234676,105809,52.2035,-7.4935,http://data.geohive.ie/resource/county/2ae19629-144b-13a3-e055-000000000001,0,,,,4.86837867325626,0.239938128906136
154,24,Westmeath,88770,2020/03/05 00:00:00,238362,255966,53.5524,-7.4219,http://data.geohive.ie/resource/county/2ae19629-144c-13a3-e055-000000000001,0,,,,3.08909110754663,0.249849249736791
155,25,Wexford,149722,2020/03/05 00:00:00,301627,141559,52.5164,-6.5037,http://data.geohive.ie/resource/county/2ae19629-144d-13a3-e055-000000000001,0,,,,4.26160195818847,0.311355248463619
156,26,Wicklow,142425,2020/03/05 00:00:00,311162,197894,53.0205,-6.3442,http://data.geohive.ie/resource/county/2ae19629-144e-13a3-e055-000000000001,0,,,,3.02390998597358,0.271161130632389
157,1,Carlow,56932,2020/03/06 00:00:00,278661,163444,52.7168,-6.8367,http://data.geohive.ie/resource/county/2ae19629-143d-13a3-e055-000000000001,0,,,,2.2841588558823,0.11886319621816
158,2,Cavan,76176,2020/03/06 00:00:00,246380,304501,53.9878,-7.2937,http://data.geohive.ie/resource/county/2ae19629-1448-13a3-e055-000000000001,0,,,,3.7674112393481,0.264466477248625
159,3,Clare,118817,2020/03/06 00:00:00,133493,182732,52.8917,-8.9889,http://data.geohive.ie/resource/county/2ae19629-1450-13a3-e055-000000000001,0,,,,7.57590737284564,0.425059339393012
160,4,Cork,542868,2020/03/06 00:00:00,156242,77860,51.9517,-8.6372,http://data.geohive.ie/resource/county/2ae19629-1451-13a3-e055-000000000001,0,,,,16.2842231601792,0.972002189699991
161,5,Donegal,159192,2020/03/06 00:00:00,202615,405691,54.8989,-7.96,http://data.geohive.ie/resource/county/2ae19629-1452-13a3-e055-000000000001,0,,,,15.6269075952594,0.678171191480014
162,6,Dublin,1347359,2020/03/06 00:00:00,313762,235813,53.3605,-6.292,http://data.geohive.ie/resource/county/2ae19629-144f-13a3-e055-000000000001,0,,,,3.33393249373436,0.125726810206428
163,7,Galway,258058,2020/03/06 00:00:00,151045,235818,53.3705,-8.7362,http://data.geohive.ie/resource/county/2ae19629-1453-13a3-e055-000000000001,0,,,,14.9724478006633,0.822419408746906
164,8,Kerry,147707,2020/03/06 00:00:00,92975,102996,52.1689,-9.565,http://data.geohive.ie/resource/county/2ae19629-1454-13a3-e055-000000000001,0,,,,13.3238822746544,0.618598264043396
165,9,Kildare,222504,2020/03/06 00:00:00,281262,221513,53.238,-6.7837,http://data.geohive.ie/resource/county/2ae19629-1455-13a3-e055-000000000001,0,,,,3.1081417260637,0.228501976462464
166,10,Kilkenny,99232,2020/03/06 00:00:00,253094,148060,52.5816,-7.2175,http://data.geohive.ie/resource/county/2ae19629-1456-13a3-e055-000000000001,0,,,,3.18306474726685,0.273913527880299
167,11,Laois,84697,2020/03/06 00:00:00,244211,193996,52.9952,-7.3423,http://data.geohive.ie/resource/county/2ae19629-143e-13a3-e055-000000000001,0,,,,2.84615238062105,0.229854718801008
168,12,Leitrim,32044,2020/03/06 00:00:00,200446,319670,54.1261,-7.9939,http://data.geohive.ie/resource/county/2ae19629-143f-13a3-e055-000000000001,0,,,,3.18223092764249,0.218332273298499
169,13,Limerick,194899,2020/03/06 00:00:00,149743,141780,52.5255,-8.7412,http://data.geohive.ie/resource/county/2ae19629-1440-13a3-e055-000000000001,0,,,,4.99975325282574,0.354096693579968
170,14,Longford,40873,2020/03/06 00:00:00,220162,275901,53.7325,-7.6952,http://data.geohive.ie/resource/county/2ae19629-1441-13a3-e055-000000000001,0,,,,2.23033777623013,0.147954107413603
171,15,Louth,128884,2020/03/06 00:00:00,299463,297349,53.9161,-6.487,http://data.geohive.ie/resource/county/2ae19629-1442-13a3-e055-000000000001,0,,,,2.56496387966836,0.113438176617696
172,16,Mayo,130507,2020/03/06 00:00:00,117679,297355,53.9191,-9.2537,http://data.geohive.ie/resource/county/2ae19629-1443-13a3-e055-000000000001,0,,,,15.7035406008684,0.762041894899671
173,17,Meath,195044,2020/03/06 00:00:00,284946,271349,53.6851,-6.715,http://data.geohive.ie/resource/county/2ae19629-1444-13a3-e055-000000000001,0,,,,4.07506730047382,0.318615395076952
174,18,Monaghan,61386,2020/03/06 00:00:00,268914,326818,54.1857,-6.9452,http://data.geohive.ie/resource/county/2ae19629-1445-13a3-e055-000000000001,0,,,,2.84816460737341,0.178099248237119
175,19,Offaly,77961,2020/03/06 00:00:00,222690,223679,53.2632,-7.6607,http://data.geohive.ie/resource/county/2ae19629-1446-13a3-e055-000000000001,0,,,,4.1874865993254,0.268659252623451
176,20,Roscommon,64544,2020/03/06 00:00:00,182029,283486,53.8008,-8.2735,http://data.geohive.ie/resource/county/2ae19629-1447-13a3-e055-000000000001,0,,,,4.46483319992793,0.347529634263766
177,21,Sligo,65535,2020/03/06 00:00:00,165130,323355,54.1581,-8.5345,http://data.geohive.ie/resource/county/2ae19629-1449-13a3-e055-000000000001,0,,,,5.04968010145816,0.252720853615335
178,22,Tipperary,159553,2020/03/06 00:00:00,205427,154345,52.6407,-7.9206,http://data.geohive.ie/resource/county/2ae19629-144a-13a3-e055-000000000001,0,,,,5.61515128034759,0.565636165474652
179,23,Waterford,116176,2020/03/06 00:00:00,234676,105809,52.2035,-7.4935,http://data.geohive.ie/resource/county/2ae19629-144b-13a3-e055-000000000001,0,,,,4.86837867325626,0.239938128906136
180,24,Westmeath,88770,2020/03/06 00:00:00,238362,255966,53.5524,-7.4219,http://data.geohive.ie/resource/county/2ae19629-144c-13a3-e055-000000000001,0,,,,3.08909110754663,0.249849249736791
181,25,Wexford,149722,2020/03/06 00:00:00,301627,141559,52.5164,-6.5037,http://data.geohive.ie/resource/county/2ae19629-144d-13a3-e055-000000000001,0,,,,4.26160195818847,0.311355248463619
182,26,Wicklow,142425,2020/03/06 00:00:00,311162,197894,53.0205,-6.3442,http://data.geohive.ie/resource/county/2ae19629-144e-13a3-e055-000000000001,0,,,,3.02390998597358,0.271161130632389
183,1,Carlow,56932,2020/03/07 00:00:00,278661,163444,52.7168,-6.8367,http://data.geohive.ie/resource/county/2ae19629-143d-13a3-e055-000000000001,0,,,,2.2841588558823,0.11886319621816
184,2,Cavan,76176,2020/03/07 00:00:00,246380,304501,53.9878,-7.2937,http://data.geohive.ie/resource/county/2ae19629-1448-13a3-e055-000000000001,0,,,,3.7674112393481,0.264466477248625
185,3,Clare,118817,2020/03/07 00:00:00,133493,182732,52.8917,-8.9889,http://data.geohive.ie/resource/county/2ae19629-1450-13a3-e055-000000000001,0,,,,7.57590737284564,0.425059339393012
186,4,Cork,542868,2020/03/07 00:00:00,156242,77860,51.9517,-8.6372,http://data.geohive.ie/resource/county/2ae19629-1451-13a3-e055-000000000001,0,,,,16.2842231601792,0.972002189699991
187,5,Donegal,159192,2020/03/07 00:00:00,202615,405691,54.8989,-7.96,http://data.geohive.ie/resource/county/2ae19629-1452-13a3-e055-000000000001,0,,,,15.6269075952594,0.678171191480014
188,6,Dublin,1347359,2020/03/07 00:00:00,313762,235813,53.3605,-6.292,http://data.geohive.ie/resource/county/2ae19629-144f-13a3-e055-000000000001,0,,,,3.33393249373436,0.125726810206428
189,7,Galway,258058,2020/03/07 00:00:00,151045,235818,53.3705,-8.7362,http://data.geohive.ie/resource/county/2ae19629-1453-13a3-e055-000000000001,0,,,,14.9724478006633,0.822419408746906
190,8,Kerry,147707,2020/03/07 00:00:00,92975,102996,52.1689,-9.565,http://data.geohive.ie/resource/county/2ae19629-1454-13a3-e055-000000000001,0,,,,13.3238822746544,0.618598264043396
191,9,Kildare,222504,2020/03/07 00:00:00,281262,221513,53.238,-6.7837,http://data.geohive.ie/resource/county/2ae19629-1455-13a3-e055-000000000001,0,,,,3.1081417260637,0.228501976462464
192,10,Kilkenny,99232,2020/03/07 00:00:00,253094,148060,52.5816,-7.2175,http://data.geohive.ie/resource/county/2ae19629-1456-13a3-e055-000000000001,0,,,,3.18306474726685,0.273913527880299
193,11,Laois,84697,2020/03/07 00:00:00,244211,193996,52.9952,-7.3423,http://data.geohive.ie/resource/county/2ae19629-143e-13a3-e055-000000000001,0,,,,2.84615238062105,0.229854718801008
194,12,Leitrim,32044,2020/03/07 00:00:00,200446,319670,54.1261,-7.9939,http://data.geohive.ie/resource/county/2ae19629-143f-13a3-e055-000000000001,0,,,,3.18223092764249,0.218332273298499
195,13,Limerick,194899,2020/03/07 00:00:00,149743,141780,52.5255,-8.7412,http://data.geohive.ie/resource/county/2ae19629-1440-13a3-e055-000000000001,0,,,,4.99975325282574,0.354096693579968
196,14,Longford,40873,2020/03/07 00:00:00,220162,275901,53.7325,-7.6952,http://data.geohive.ie/resource/county/2ae19629-1441-13a3-e055-000000000001,0,,,,2.23033777623013,0.147954107413603
197,15,Louth,128884,2020/03/07 00:00:00,299463,297349,53.9161,-6.487,http://data.geohive.ie/resource/county/2ae19629-1442-13a3-e055-000000000001,0,,,,2.56496387966836,0.113438176617696
198,16,Mayo,130507,2020/03/07 00:00:00,117679,297355,53.9191,-9.2537,http://data.geohive.ie/resource/county/2ae19629-1443-13a3-e055-000000000001,0,,,,15.7035406008684,0.762041894899671
199,17,Meath,195044,2020/03/07 00:00:00,284946,271349,53.6851,-6.715,http://data.geohive.ie/resource/county/2ae19629-1444-13a3-e055-000000000001,0,,,,4.07506730047382,0.318615395076952
200,18,Monaghan,61386,2020/03/07 00:00:00,268914,326818,54.1857,-6.9452,http://data.geohive.ie/resource/county/2ae19629-1445-13a3-e055-000000000001,0,,,,2.84816460737341,0.178099248237119
201,19,Offaly,77961,2020/03/07 00:00:00,222690,223679,53.2632,-7.6607,http://data.geohive.ie/resource/county/2ae19629-1446-13a3-e055-000000000001,0,,,,4.1874865993254,0.268659252623451
202,20,Roscommon,64544,2020/03/07 00:00:00,182029,283486,53.8008,-8.2735,http://data.geohive.ie/resource/county/2ae19629-1447-13a3-e055-000000000001,0,,,,4.46483319992793,0.347529634263766
203,21,Sligo,65535,2020/03/07 00:00:00,165130,323355,54.1581,-8.5345,http://data.geohive.ie/resource/county/2ae19629-1449-13a3-e055-000000000001,0,,,,5.04968010145816,0.252720853615335
204,22,Tipperary,159553,2020/03/07 00:00:00,205427,154345,52.6407,-7.9206,http://data.geohive.ie/resource/county/2ae19629-144a-13a3-e055-000000000001,0,,,,5.61515128034759,0.565636165474652
205,23,Waterford,116176,2020/03/07 00:00:00,234676,105809,52.2035,-7.4935,http://data.geohive.ie/resource/county/2ae19629-144b-13a3-e055-000000000001,0,,,,4.86837867325626,0.239938128906136
206,24,Westmeath,88770,2020/03/07 00:00:00,238362,255966,53.5524,-7.4219,http://data.geohive.ie/resource/county/2ae19629-144c-13a3-e055-000000000001,0,,,,3.08909110754663,0.249849249736791
207,25,Wexford,149722,2020/03/07 00:00:00,301627,141559,52.5164,-6.5037,http://data.geohive.ie/resource/county/2ae19629-144d-13a3-e055-000000000001,0,,,,4.26160195818847,0.311355248463619
208,26,Wicklow,142425,2020/03/07 00:00:00,311162,197894,53.0205,-6.3442,http://data.geohive.ie/resource/county/2ae19629-144e-13a3-e055-000000000001,0,,,,3.02390998597358,0.271161130632389
209,1,Carlow,56932,2020/03/08 00:00:00,278661,163444,52.7168,-6.8367,http://data.geohive.ie/resource/county/2ae19629-143d-13a3-e055-000000000001,0,,,,2.2841588558823,0.11886319621816
210,2,Cavan,76176,2020/03/08 00:00:00,246380,304501,53.9878,-7.2937,http://data.geohive.ie/resource/county/2ae19629-1448-13a3-e055-000000000001,0,,,,3.7674112393481,0.264466477248625
211,3,Clare,118817,2020/03/08 00:00:00,133493,182732,52.8917,-8.9889,http://data.geohive.ie/resource/county/2ae19629-1450-13a3-e055-000000000001,0,,,,7.57590737284564,0.425059339393012
212,4,Cork,542868,2020/03/08 00:00:00,156242,77860,51.9517,-8.6372,http://data.geohive.ie/resource/county/2ae19629-1451-13a3-e055-000000000001,0,,,,16.2842231601792,0.972002189699991
213,5,Donegal,159192,2020/03/08 00:00:00,202615,405691,54.8989,-7.96,http://data.geohive.ie/resource/county/2ae19629-1452-13a3-e055-000000000001,0,,,,15.6269075952594,0.678171191480014
214,6,Dublin,1347359,2020/03/08 00:00:00,313762,235813,53.3605,-6.292,http://data.geohive.ie/resource/county/2ae19629-144f-13a3-e055-000000000001,0,,,,3.33393249373436,0.125726810206428
215,7,Galway,258058,2020/03/08 00:00:00,151045,235818,53.3705,-8.7362,http://data.geohive.ie/resource/county/2ae19629-1453-13a3-e055-000000000001,0,,,,14.9724478006633,0.822419408746906
216,8,Kerry,147707,2020/03/08 00:00:00,92975,102996,52.1689,-9.565,http://data.geohive.ie/resource/county/2ae19629-1454-13a3-e055-000000000001,0,,,,13.3238822746544,0.618598264043396
217,9,Kildare,222504,2020/03/08 00:00:00,281262,221513,53.238,-6.7837,http://data.geohive.ie/resource/county/2ae19629-1455-13a3-e055-000000000001,0,,,,3.1081417260637,0.228501976462464
218,10,Kilkenny,99232,2020/03/08 00:00:00,253094,148060,52.5816,-7.2175,http://data.geohive.ie/resource/county/2ae19629-1456-13a3-e055-000000000001,0,,,,3.18306474726685,0.273913527880299
219,11,Laois,84697,2020/03/08 00:00:00,244211,193996,52.9952,-7.3423,http://data.geohive.ie/resource/county/2ae19629-143e-13a3-e055-000000000001,0,,,,2.84615238062105,0.229854718801008
220,12,Leitrim,32044,2020/03/08 00:00:00,200446,319670,54.1261,-7.9939,http://data.geohive.ie/resource/county/2ae19629-143f-13a3-e055-000000000001,0,,,,3.18223092764249,0.218332273298499
221,13,Limerick,194899,2020/03/08 00:00:00,149743,141780,52.5255,-8.7412,http://data.geohive.ie/resource/county/2ae19629-1440-13a3-e055-000000000001,0,,,,4.99975325282574,0.354096693579968
222,14,Longford,40873,2020/03/08 00:00:00,220162,275901,53.7325,-7.6952,http://data.geohive.ie/resource/county/2ae19629-1441-13a3-e055-000000000001,0,,,,2.23033777623013,0.147954107413603
223,15,Louth,128884,2020/03/08 00:00:00,299463,297349,53.9161,-6.487,http://data.geohive.ie/resource/county/2ae19629-1442-13a3-e055-000000000001,0,,,,2.56496387966836,0.113438176617696
224,16,Mayo,130507,2020/03/08 00:00:00,117679,297355,53.9191,-9.2537,http://data.geohive.ie/resource/county/2ae19629-1443-13a3-e055-000000000001,0,,,,15.7035406008684,0.762041894899671
225,17,Meath,195044,2020/03/08 00:00:00,284946,271349,53.6851,-6.715,http://data.geohive.ie/resource/county/2ae19629-1444-13a3-e055-000000000001,0,,,,4.07506730047382,0.318615395076952
226,18,Monaghan,61386,2020/03/08 00:00:00,268914,326818,54.1857,-6.9452,http://data.geohive.ie/resource/county/2ae19629-1445-13a3-e055-000000000001,0,,,,2.84816460737341,0.178099248237119
227,19,Offaly,77961,2020/03/08 00:00:00,222690,223679,53.2632,-7.6607,http://data.geohive.ie/resource/county/2ae19629-1446-13a3-e055-000000000001,0,,,,4.1874865993254,0.268659252623451
228,20,Roscommon,64544,2020/03/08 00:00:00,182029,283486,53.8008,-8.2735,http://data.geohive.ie/resource/county/2ae19629-1447-13a3-e055-000000000001,0,,,,4.46483319992793,0.347529634263766
229,21,Sligo,65535,2020/03/08 00:00:00,165130,323355,54.1581,-8.5345,http://data.geohive.ie/resource/county/2ae19629-1449-13a3-e055-000000000001,0,,,,5.04968010145816,0.252720853615335
230,22,Tipperary,159553,2020/03/08 00:00:00,205427,154345,52.6407,-7.9206,http://data.geohive.ie/resource/county/2ae19629-144a-13a3-e055-000000000001,0,,,,5.61515128034759,0.565636165474652
231,23,Waterford,116176,2020/03/08 00:00:00,234676,105809,52.2035,-7.4935,http://data.geohive.ie/resource/county/2ae19629-144b-13a3-e055-000000000001,0,,,,4.86837867325626,0.239938128906136
232,24,Westmeath,88770,2020/03/08 00:00:00,238362,255966,53.5524,-7.4219,http://data.geohive.ie/resource/county/2ae19629-144c-13a3-e055-000000000001,0,,,,3.08909110754663,0.249849249736791
233,25,Wexford,149722,2020/03/08 00:00:00,301627,141559,52.5164,-6.5037,http://data.geohive.ie/resource/county/2ae19629-144d-13a3-e055-000000000001,0,,,,4.26160195818847,0.311355248463619
234,26,Wicklow,142425,2020/03/08 00:00:00,311162,197894,53.0205,-6.3442,http://data.geohive.ie/resource/county/2ae19629-144e-13a3-e055-000000000001,0,,,,3.02390998597358,0.271161130632389
235,1,Carlow,56932,2020/03/09 00:00:00,278661,163444,52.7168,-6.8367,http://data.geohive.ie/resource/county/2ae19629-143d-13a3-e055-000000000001,0,,,,2.2841588558823,0.11886319621816
236,2,Cavan,76176,2020/03/09 00:00:00,246380,304501,53.9878,-7.2937,http://data.geohive.ie/resource/county/2ae19629-1448-13a3-e055-000000000001,0,,,,3.7674112393481,0.264466477248625
237,3,Clare,118817,2020/03/09 00:00:00,133493,182732,52.8917,-8.9889,http://data.geohive.ie/resource/county/2ae19629-1450-13a3-e055-000000000001,0,,,,7.57590737284564,0.425059339393012
238,4,Cork,542868,2020/03/09 00:00:00,156242,77860,51.9517,-8.6372,http://data.geohive.ie/resource/county/2ae19629-1451-13a3-e055-000000000001,0,,,,16.2842231601792,0.972002189699991
239,5,Donegal,159192,2020/03/09 00:00:00,202615,405691,54.8989,-7.96,http://data.geohive.ie/resource/county/2ae19629-1452-13a3-e055-000000000001,0,,,,15.6269075952594,0.678171191480014
240,6,Dublin,1347359,2020/03/09 00:00:00,313762,235813,53.3605,-6.292,http://data.geohive.ie/resource/county/2ae19629-144f-13a3-e055-000000000001,0,,,,3.33393249373436,0.125726810206428
241,7,Galway,258058,2020/03/09 00:00:00,151045,235818,53.3705,-8.7362,http://data.geohive.ie/resource/county/2ae19629-1453-13a3-e055-000000000001,0,,,,14.9724478006633,0.822419408746906
242,8,Kerry,147707,2020/03/09 00:00:00,92975,102996,52.1689,-9.565,http://data.geohive.ie/resource/county/2ae19629-1454-13a3-e055-000000000001,0,,,,13.3238822746544,0.618598264043396
243,9,Kildare,222504,2020/03/09 00:00:00,281262,221513,53.238,-6.7837,http://data.geohive.ie/resource/county/2ae19629-1455-13a3-e055-000000000001,0,,,,3.1081417260637,0.228501976462464
244,10,Kilkenny,99232,2020/03/09 00:00:00,253094,148060,52.5816,-7.2175,http://data.geohive.ie/resource/county/2ae19629-1456-13a3-e055-000000000001,0,,,,3.18306474726685,0.273913527880299
245,11,Laois,84697,2020/03/09 00:00:00,244211,193996,52.9952,-7.3423,http://data.geohive.ie/resource/county/2ae19629-143e-13a3-e055-000000000001,0,,,,2.84615238062105,0.229854718801008
246,12,Leitrim,32044,2020/03/09 00:00:00,200446,319670,54.1261,-7.9939,http://data.geohive.ie/resource/county/2ae19629-143f-13a3-e055-000000000001,0,,,,3.18223092764249,0.218332273298499
247,13,Limerick,194899,2020/03/09 00:00:00,149743,141780,52.5255,-8.7412,http://data.geohive.ie/resource/county/2ae19629-1440-13a3-e055-000000000001,0,,,,4.99975325282574,0.354096693579968
248,14,Longford,40873,2020/03/09 00:00:00,220162,275901,53.7325,-7.6952,http://data.geohive.ie/resource/county/2ae19629-1441-13a3-e055-000000000001,0,,,,2.23033777623013,0.147954107413603
249,15,Louth,128884,2020/03/09 00:00:00,299463,297349,53.9161,-6.487,http://data.geohive.ie/resource/county/2ae19629-1442-13a3-e055-000000000001,0,,,,2.56496387966836,0.113438176617696
250,16,Mayo,130507,2020/03/09 00:00:00,117679,297355,53.9191,-9.2537,http://data.geohive.ie/resource/county/2ae19629-1443-13a3-e055-000000000001,0,,,,15.7035406008684,0.762041894899671
251,17,Meath,195044,2020/03/09 00:00:00,284946,271349,53.6851,-6.715,http://data.geohive.ie/resource/county/2ae19629-1444-13a3-e055-000000000001,0,,,,4.07506730047382,0.318615395076952
252,18,Monaghan,61386,2020/03/09 00:00:00,268914,326818,54.1857,-6.9452,http://data.geohive.ie/resource/county/2ae19629-1445-13a3-e055-000000000001,0,,,,2.84816460737341,0.178099248237119
253,19,Offaly,77961,2020/03/09 00:00:00,222690,223679,53.2632,-7.6607,http://data.geohive.ie/resource/county/2ae19629-1446-13a3-e055-000000000001,0,,,,4.1874865993254,0.268659252623451
254,20,Roscommon,64544,2020/03/09 00:00:00,182029,283486,53.8008,-8.2735,http://data.geohive.ie/resource/county/2ae19629-1447-13a3-e055-000000000001,0,,,,4.46483319992793,0.347529634263766
255,21,Sligo,65535,2020/03/09 00:00:00,165130,323355,54.1581,-8.5345,http://data.geohive.ie/resource/county/2ae19629-1449-13a3-e055-000000000001,0,,,,5.04968010145816,0.252720853615335
256,22,Tipperary,159553,2020/03/09 00:00:00,205427,154345,52.6407,-7.9206,http://data.geohive.ie/resource/county/2ae19629-144a-13a3-e055-000000000001,0,,,,5.61515128034759,0.565636165474652
257,23,Waterford,116176,2020/03/09 00:00:00,234676,105809,52.2035,-7.4935,http://data.geohive.ie/resource/county/2ae19629-144b-13a3-e055-000000000001,0,,,,4.86837867325626,0.239938128906136
258,24,Westmeath,88770,2020/03/09 00:00:00,238362,255966,53.5524,-7.4219,http://data.geohive.ie/resource/county/2ae19629-144c-13a3-e055-000000000001,0,,,,3.08909110754663,0.249849249736791
259,25,Wexford,149722,2020/03/09 00:00:00,301627,141559,52.5164,-6.5037,http://data.geohive.ie/resource/county/2ae19629-144d-13a3-e055-000000000001,0,,,,4.26160195818847,0.311355248463619
260,26,Wicklow,142425,2020/03/09 00:00:00,311162,197894,53.0205,-6.3442,http://data.geohive.ie/resource/county/2ae19629-144e-13a3-e055-000000000001,0,,,,3.02390998597358,0.271161130632389
261,1,Carlow,56932,2020/03/10 00:00:00,278661,163444,52.7168,-6.8367,http://data.geohive.ie/resource/county/2ae19629-143d-13a3-e055-000000000001,0,,,,2.2841588558823,0.11886319621816
262,2,Cavan,76176,2020/03/10 00:00:00,246380,304501,53.9878,-7.2937,http://data.geohive.ie/resource/county/2ae19629-1448-13a3-e055-000000000001,0,,,,3.7674112393481,0.264466477248625
263,3,Clare,118817,2020/03/10 00:00:00,133493,182732,52.8917,-8.9889,http://data.geohive.ie/resource/county/2ae19629-1450-13a3-e055-000000000001,0,,,,7.57590737284564,0.425059339393012
264,4,Cork,542868,2020/03/10 00:00:00,156242,77860,51.9517,-8.6372,http://data.geohive.ie/resource/county/2ae19629-1451-13a3-e055-000000000001,0,,,,16.2842231601792,0.972002189699991
265,5,Donegal,159192,2020/03/10 00:00:00,202615,405691,54.8989,-7.96,http://data.geohive.ie/resource/county/2ae19629-1452-13a3-e055-000000000001,0,,,,15.6269075952594,0.678171191480014
266,6,Dublin,1347359,2020/03/10 00:00:00,313762,235813,53.3605,-6.292,http://data.geohive.ie/resource/county/2ae19629-144f-13a3-e055-000000000001,0,,,,3.33393249373436,0.125726810206428
267,7,Galway,258058,2020/03/10 00:00:00,151045,235818,53.3705,-8.7362,http://data.geohive.ie/resource/county/2ae19629-1453-13a3-e055-000000000001,0,,,,14.9724478006633,0.822419408746906
268,8,Kerry,147707,2020/03/10 00:00:00,92975,102996,52.1689,-9.565,http://data.geohive.ie/resource/county/2ae19629-1454-13a3-e055-000000000001,0,,,,13.3238822746544,0.618598264043396
269,9,Kildare,222504,2020/03/10 00:00:00,281262,221513,53.238,-6.7837,http://data.geohive.ie/resource/county/2ae19629-1455-13a3-e055-000000000001,0,,,,3.1081417260637,0.228501976462464
270,10,Kilkenny,99232,2020/03/10 00:00:00,253094,148060,52.5816,-7.2175,http://data.geohive.ie/resource/county/2ae19629-1456-13a3-e055-000000000001,0,,,,3.18306474726685,0.273913527880299
271,11,Laois,84697,2020/03/10 00:00:00,244211,193996,52.9952,-7.3423,http://data.geohive.ie/resource/county/2ae19629-143e-13a3-e055-000000000001,0,,,,2.84615238062105,0.229854718801008
272,12,Leitrim,32044,2020/03/10 00:00:00,200446,319670,54.1261,-7.9939,http://data.geohive.ie/resource/county/2ae19629-143f-13a3-e055-000000000001,0,,,,3.18223092764249,0.218332273298499
273,13,Limerick,194899,2020/03/10 00:00:00,149743,141780,52.5255,-8.7412,http://data.geohive.ie/resource/county/2ae19629-1440-13a3-e055-000000000001,0,,,,4.99975325282574,0.354096693579968
274,14,Longford,40873,2020/03/10 00:00:00,220162,275901,53.7325,-7.6952,http://data.geohive.ie/resource/county/2ae19629-1441-13a3-e055-000000000001,0,,,,2.23033777623013,0.147954107413603
275,15,Louth,128884,2020/03/10 00:00:00,299463,297349,53.9161,-6.487,http://data.geohive.ie/resource/county/2ae19629-1442-13a3-e055-000000000001,0,,,,2.56496387966836,0.113438176617696
276,16,Mayo,130507,2020/03/10 00:00:00,117679,297355,53.9191,-9.2537,http://data.geohive.ie/resource/county/2ae19629-1443-13a3-e055-000000000001,0,,,,15.7035406008684,0.762041894899671
277,17,Meath,195044,2020/03/10 00:00:00,284946,271349,53.6851,-6.715,http://data.geohive.ie/resource/county/2ae19629-1444-13a3-e055-000000000001,0,,,,4.07506730047382,0.318615395076952
278,18,Monaghan,61386,2020/03/10 00:00:00,268914,326818,54.1857,-6.9452,http://data.geohive.ie/resource/county/2ae19629-1445-13a3-e055-000000000001,0,,,,2.84816460737341,0.178099248237119
279,19,Offaly,77961,2020/03/10 00:00:00,222690,223679,53.2632,-7.6607,http://data.geohive.ie/resource/county/2ae19629-1446-13a3-e055-000000000001,0,,,,4.1874865993254,0.268659252623451
280,20,Roscommon,64544,2020/03/10 00:00:00,182029,283486,53.8008,-8.2735,http://data.geohive.ie/resource/county/2ae19629-1447-13a3-e055-000000000001,0,,,,4.46483319992793,0.347529634263766
281,21,Sligo,65535,2020/03/10 00:00:00,165130,323355,54.1581,-8.5345,http://data.geohive.ie/resource/county/2ae19629-1449-13a3-e055-000000000001,0,,,,5.04968010145816,0.252720853615335
282,22,Tipperary,159553,2020/03/10 00:00:00,205427,154345,52.6407,-7.9206,http://data.geohive.ie/resource/county/2ae19629-144a-13a3-e055-000000000001,0,,,,5.61515128034759,0.565636165474652
283,23,Waterford,116176,2020/03/10 00:00:00,234676,105809,52.2035,-7.4935,http://data.geohive.ie/resource/county/2ae19629-144b-13a3-e055-000000000001,0,,,,4.86837867325626,0.239938128906136
284,24,Westmeath,88770,2020/03/10 00:00:00,238362,255966,53.5524,-7.4219,http://data.geohive.ie/resource/county/2ae19629-144c-13a3-e055-000000000001,0,,,,3.08909110754663,0.249849249736791
285,25,Wexford,149722,2020/03/10 00:00:00,301627,141559,52.5164,-6.5037,http://data.geohive.ie/resource/county/2ae19629-144d-13a3-e055-000000000001,0,,,,4.26160195818847,0.311355248463619
286,26,Wicklow,142425,2020/03/10 00:00:00,311162,197894,53.0205,-6.3442,http://data.geohive.ie/resource/county/2ae19629-144e-13a3-e055-000000000001,0,,,,3.02390998597358,0.271161130632389
287,1,Carlow,56932,2020/03/11 00:00:00,278661,163444,52.7168,-6.8367,http://data.geohive.ie/resource/county/2ae19629-143d-13a3-e055-000000000001,0,,,,2.2841588558823,0.11886319621816
288,2,Cavan,76176,2020/03/11 00:00:00,246380,304501,53.9878,-7.2937,http://data.geohive.ie/resource/county/2ae19629-1448-13a3-e055-000000000001,0,,,,3.7674112393481,0.264466477248625
289,3,Clare,118817,2020/03/11 00:00:00,133493,182732,52.8917,-8.9889,http://data.geohive.ie/resource/county/2ae19629-1450-13a3-e055-000000000001,0,,,,7.57590737284564,0.425059339393012
290,4,Cork,542868,2020/03/11 00:00:00,156242,77860,51.9517,-8.6372,http://data.geohive.ie/resource/county/2ae19629-1451-13a3-e055-000000000001,0,,,,16.2842231601792,0.972002189699991
291,5,Donegal,159192,2020/03/11 00:00:00,202615,405691,54.8989,-7.96,http://data.geohive.ie/resource/county/2ae19629-1452-13a3-e055-000000000001,0,,,,15.6269075952594,0.678171191480014
292,6,Dublin,1347359,2020/03/11 00:00:00,313762,235813,53.3605,-6.292,http://data.geohive.ie/resource/county/2ae19629-144f-13a3-e055-000000000001,0,,,,3.33393249373436,0.125726810206428
293,7,Galway,258058,2020/03/11 00:00:00,151045,235818,53.3705,-8.7362,http://data.geohive.ie/resource/county/2ae19629-1453-13a3-e055-000000000001,0,,,,14.9724478006633,0.822419408746906
294,8,Kerry,147707,2020/03/11 00:00:00,92975,102996,52.1689,-9.565,http://data.geohive.ie/resource/county/2ae19629-1454-13a3-e055-000000000001,0,,,,13.3238822746544,0.618598264043396
295,9,Kildare,222504,2020/03/11 00:00:00,281262,221513,53.238,-6.7837,http://data.geohive.ie/resource/county/2ae19629-1455-13a3-e055-000000000001,0,,,,3.1081417260637,0.228501976462464
296,10,Kilkenny,99232,2020/03/11 00:00:00,253094,148060,52.5816,-7.2175,http://data.geohive.ie/resource/county/2ae19629-1456-13a3-e055-000000000001,0,,,,3.18306474726685,0.273913527880299
297,11,Laois,84697,2020/03/11 00:00:00,244211,193996,52.9952,-7.3423,http://data.geohive.ie/resource/county/2ae19629-143e-13a3-e055-000000000001,0,,,,2.84615238062105,0.229854718801008
298,12,Leitrim,32044,2020/03/11 00:00:00,200446,319670,54.1261,-7.9939,http://data.geohive.ie/resource/county/2ae19629-143f-13a3-e055-000000000001,0,,,,3.18223092764249,0.218332273298499
299,13,Limerick,194899,2020/03/11 00:00:00,149743,141780,52.5255,-8.7412,http://data.geohive.ie/resource/county/2ae19629-1440-13a3-e055-000000000001,0,,,,4.99975325282574,0.354096693579968
300,14,Longford,40873,2020/03/11 00:00:00,220162,275901,53.7325,-7.6952,http://data.geohive.ie/resource/county/2ae19629-1441-13a3-e055-000000000001,0,,,,2.23033777623013,0.147954107413603
301,15,Louth,128884,2020/03/11 00:00:00,299463,297349,53.9161,-6.487,http://data.geohive.ie/resource/county/2ae19629-1442-13a3-e055-000000000001,0,,,,2.56496387966836,0.113438176617696
302,16,Mayo,130507,2020/03/11 00:00:00,117679,297355,53.9191,-9.2537,http://data.geohive.ie/resource/county/2ae19629-1443-13a3-e055-000000000001,0,,,,15.7035406008684,0.762041894899671
303,17,Meath,195044,2020/03/11 00:00:00,284946,271349,53.6851,-6.715,http://data.geohive.ie/resource/county/2ae19629-1444-13a3-e055-000000000001,0,,,,4.07506730047382,0.318615395076952
304,18,Monaghan,61386,2020/03/11 00:00:00,268914,326818,54.1857,-6.9452,http://data.geohive.ie/resource/county/2ae19629-1445-13a3-e055-000000000001,0,,,,2.84816460737341,0.178099248237119
305,19,Offaly,77961,2020/03/11 00:00:00,222690,223679,53.2632,-7.6607,http://data.geohive.ie/resource/county/2ae19629-1446-13a3-e055-000000000001,0,,,,4.1874865993254,0.268659252623451
306,20,Roscommon,64544,2020/03/11 00:00:00,182029,283486,53.8008,-8.2735,http://data.geohive.ie/resource/county/2ae19629-1447-13a3-e055-000000000001,0,,,,4.46483319992793,0.347529634263766
307,21,Sligo,65535,2020/03/11 00:00:00,165130,323355,54.1581,-8.5345,http://data.geohive.ie/resource/county/2ae19629-1449-13a3-e055-000000000001,0,,,,5.04968010145816,0.252720853615335
308,22,Tipperary,159553,2020/03/11 00:00:00,205427,154345,52.6407,-7.9206,http://data.geohive.ie/resource/county/2ae19629-144a-13a3-e055-000000000001,0,,,,5.61515128034759,0.565636165474652
309,23,Waterford,116176,2020/03/11 00:00:00,234676,105809,52.2035,-7.4935,http://data.geohive.ie/resource/county/2ae19629-144b-13a3-e055-000000000001,0,,,,4.86837867325626,0.239938128906136
310,24,Westmeath,88770,2020/03/11 00:00:00,238362,255966,53.5524,-7.4219,http://data.geohive.ie/resource/county/2ae19629-144c-13a3-e055-000000000001,0,,,,3.08909110754663,0.249849249736791
311,25,Wexford,149722,2020/03/11 00:00:00,301627,141559,52.5164,-6.5037,http://data.geohive.ie/resource/county/2ae19629-144d-13a3-e055-000000000001,0,,,,4.26160195818847,0.311355248463619
312,26,Wicklow,142425,2020/03/11 00:00:00,311162,197894,53.0205,-6.3442,http://data.geohive.ie/resource/county/2ae19629-144e-13a3-e055-000000000001,0,,,,3.02390998597358,0.271161130632389
313,1,Carlow,56932,2020/03/12 00:00:00,278661,163444,52.7168,-6.8367,http://data.geohive.ie/resource/county/2ae19629-143d-13a3-e055-000000000001,0,,,,2.2841588558823,0.11886319621816
314,2,Cavan,76176,2020/03/12 00:00:00,246380,304501,53.9878,-7.2937,http://data.geohive.ie/resource/county/2ae19629-1448-13a3-e055-000000000001,0,,,,3.7674112393481,0.264466477248625
315,3,Clare,118817,2020/03/12 00:00:00,133493,182732,52.8917,-8.9889,http://data.geohive.ie/resource/county/2ae19629-1450-13a3-e055-000000000001,0,,,,7.57590737284564,0.425059339393012
316,4,Cork,542868,2020/03/12 00:00:00,156242,77860,51.9517,-8.6372,http://data.geohive.ie/resource/county/2ae19629-1451-13a3-e055-000000000001,0,,,,16.2842231601792,0.972002189699991
317,5,Donegal,159192,2020/03/12 00:00:00,202615,405691,54.8989,-7.96,http://data.geohive.ie/resource/county/2ae19629-1452-13a3-e055-000000000001,0,,,,15.6269075952594,0.678171191480014
318,6,Dublin,1347359,2020/03/12 00:00:00,313762,235813,53.3605,-6.292,http://data.geohive.ie/resource/county/2ae19629-144f-13a3-e055-000000000001,0,,,,3.33393249373436,0.125726810206428
319,7,Galway,258058,2020/03/12 00:00:00,151045,235818,53.3705,-8.7362,http://data.geohive.ie/resource/county/2ae19629-1453-13a3-e055-000000000001,0,,,,14.9724478006633,0.822419408746906
320,8,Kerry,147707,2020/03/12 00:00:00,92975,102996,52.1689,-9.565,http://data.geohive.ie/resource/county/2ae19629-1454-13a3-e055-000000000001,0,,,,13.3238822746544,0.618598264043396
321,9,Kildare,222504,2020/03/12 00:00:00,281262,221513,53.238,-6.7837,http://data.geohive.ie/resource/county/2ae19629-1455-13a3-e055-000000000001,0,,,,3.1081417260637,0.228501976462464
322,10,Kilkenny,99232,2020/03/12 00:00:00,253094,148060,52.5816,-7.2175,http://data.geohive.ie/resource/county/2ae19629-1456-13a3-e055-000000000001,0,,,,3.18306474726685,0.273913527880299
323,11,Laois,84697,2020/03/12 00:00:00,244211,193996,52.9952,-7.3423,http://data.geohive.ie/resource/county/2ae19629-143e-13a3-e055-000000000001,0,,,,2.84615238062105,0.229854718801008
324,12,Leitrim,32044,2020/03/12 00:00:00,200446,319670,54.1261,-7.9939,http://data.geohive.ie/resource/county/2ae19629-143f-13a3-e055-000000000001,0,,,,3.18223092764249,0.218332273298499
325,13,Limerick,194899,2020/03/12 00:00:00,149743,141780,52.5255,-8.7412,http://data.geohive.ie/resource/county/2ae19629-1440-13a3-e055-000000000001,0,,,,4.99975325282574,0.354096693579968
326,14,Longford,40873,2020/03/12 00:00:00,220162,275901,53.7325,-7.6952,http://data.geohive.ie/resource/county/2ae19629-1441-13a3-e055-000000000001,0,,,,2.23033777623013,0.147954107413603
327,15,Louth,128884,2020/03/12 00:00:00,299463,297349,53.9161,-6.487,http://data.geohive.ie/resource/county/2ae19629-1442-13a3-e055-000000000001,0,,,,2.56496387966836,0.113438176617696
328,16,Mayo,130507,2020/03/12 00:00:00,117679,297355,53.9191,-9.2537,http://data.geohive.ie/resource/county/2ae19629-1443-13a3-e055-000000000001,0,,,,15.7035406008684,0.762041894899671
329,17,Meath,195044,2020/03/12 00:00:00,284946,271349,53.6851,-6.715,http://data.geohive.ie/resource/county/2ae19629-1444-13a3-e055-000000000001,0,,,,4.07506730047382,0.318615395076952
330,18,Monaghan,61386,2020/03/12 00:00:00,268914,326818,54.1857,-6.9452,http://data.geohive.ie/resource/county/2ae19629-1445-13a3-e055-000000000001,0,,,,2.84816460737341,0.178099248237119
331,19,Offaly,77961,2020/03/12 00:00:00,222690,223679,53.2632,-7.6607,http://data.geohive.ie/resource/county/2ae19629-1446-13a3-e055-000000000001,0,,,,4.1874865993254,0.268659252623451
332,20,Roscommon,64544,2020/03/12 00:00:00,182029,283486,53.8008,-8.2735,http://data.geohive.ie/resource/county/2ae19629-1447-13a3-e055-000000000001,0,,,,4.46483319992793,0.347529634263766
333,21,Sligo,65535,2020/03/12 00:00:00,165130,323355,54.1581,-8.5345,http://data.geohive.ie/resource/county/2ae19629-1449-13a3-e055-000000000001,0,,,,5.04968010145816,0.252720853615335
334,22,Tipperary,159553,2020/03/12 00:00:00,205427,154345,52.6407,-7.9206,http://data.geohive.ie/resource/county/2ae19629-144a-13a3-e055-000000000001,0,,,,5.61515128034759,0.565636165474652
335,23,Waterford,116176,2020/03/12 00:00:00,234676,105809,52.2035,-7.4935,http://data.geohive.ie/resource/county/2ae19629-144b-13a3-e055-000000000001,0,,,,4.86837867325626,0.239938128906136
336,24,Westmeath,88770,2020/03/12 00:00:00,238362,255966,53.5524,-7.4219,http://data.geohive.ie/resource/county/2ae19629-144c-13a3-e055-000000000001,0,,,,3.08909110754663,0.249849249736791
337,25,Wexford,149722,2020/03/12 00:00:00,301627,141559,52.5164,-6.5037,http://data.geohive.ie/resource/county/2ae19629-144d-13a3-e055-000000000001,0,,,,4.26160195818847,0.311355248463619
338,26,Wicklow,142425,2020/03/12 00:00:00,311162,197894,53.0205,-6.3442,http://data.geohive.ie/resource/county/2ae19629-144e-13a3-e055-000000000001,0,,,,3.02390998597358,0.271161130632389
339,1,Carlow,56932,2020/03/13 00:00:00,278661,163444,52.7168,-6.8367,http://data.geohive.ie/resource/county/2ae19629-143d-13a3-e055-000000000001,0,,,,2.2841588558823,0.11886319621816
340,2,Cavan,76176,2020/03/13 00:00:00,246380,304501,53.9878,-7.2937,http://data.geohive.ie/resource/county/2ae19629-1448-13a3-e055-000000000001,0,,,,3.7674112393481,0.264466477248625
341,3,Clare,118817,2020/03/13 00:00:00,133493,182732,52.8917,-8.9889,http://data.geohive.ie/resource/county/2ae19629-1450-13a3-e055-000000000001,0,,,,7.57590737284564,0.425059339393012
342,4,Cork,542868,2020/03/13 00:00:00,156242,77860,51.9517,-8.6372,http://data.geohive.ie/resource/county/2ae19629-1451-13a3-e055-000000000001,0,,,,16.2842231601792,0.972002189699991
343,5,Donegal,159192,2020/03/13 00:00:00,202615,405691,54.8989,-7.96,http://data.geohive.ie/resource/county/2ae19629-1452-13a3-e055-000000000001,0,,,,15.6269075952594,0.678171191480014
344,6,Dublin,1347359,2020/03/13 00:00:00,313762,235813,53.3605,-6.292,http://data.geohive.ie/resource/county/2ae19629-144f-13a3-e055-000000000001,0,,,,3.33393249373436,0.125726810206428
345,7,Galway,258058,2020/03/13 00:00:00,151045,235818,53.3705,-8.7362,http://data.geohive.ie/resource/county/2ae19629-1453-13a3-e055-000000000001,0,,,,14.9724478006633,0.822419408746906
346,8,Kerry,147707,2020/03/13 00:00:00,92975,102996,52.1689,-9.565,http://data.geohive.ie/resource/county/2ae19629-1454-13a3-e055-000000000001,0,,,,13.3238822746544,0.618598264043396
347,9,Kildare,222504,2020/03/13 00:00:00,281262,221513,53.238,-6.7837,http://data.geohive.ie/resource/county/2ae19629-1455-13a3-e055-000000000001,0,,,,3.1081417260637,0.228501976462464
348,10,Kilkenny,99232,2020/03/13 00:00:00,253094,148060,52.5816,-7.2175,http://data.geohive.ie/resource/county/2ae19629-1456-13a3-e055-000000000001,0,,,,3.18306474726685,0.273913527880299
349,11,Laois,84697,2020/03/13 00:00:00,244211,193996,52.9952,-7.3423,http://data.geohive.ie/resource/county/2ae19629-143e-13a3-e055-000000000001,0,,,,2.84615238062105,0.229854718801008
350,12,Leitrim,32044,2020/03/13 00:00:00,200446,319670,54.1261,-7.9939,http://data.geohive.ie/resource/county/2ae19629-143f-13a3-e055-000000000001,0,,,,3.18223092764249,0.218332273298499
351,13,Limerick,194899,2020/03/13 00:00:00,149743,141780,52.5255,-8.7412,http://data.geohive.ie/resource/county/2ae19629-1440-13a3-e055-000000000001,0,,,,4.99975325282574,0.354096693579968
352,14,Longford,40873,2020/03/13 00:00:00,220162,275901,53.7325,-7.6952,http://data.geohive.ie/resource/county/2ae19629-1441-13a3-e055-000000000001,0,,,,2.23033777623013,0.147954107413603
353,15,Louth,128884,2020/03/13 00:00:00,299463,297349,53.9161,-6.487,http://data.geohive.ie/resource/county/2ae19629-1442-13a3-e055-000000000001,0,,,,2.56496387966836,0.113438176617696
354,16,Mayo,130507,2020/03/13 00:00:00,117679,297355,53.9191,-9.2537,http://data.geohive.ie/resource/county/2ae19629-1443-13a3-e055-000000000001,0,,,,15.7035406008684,0.762041894899671
355,17,Meath,195044,2020/03/13 00:00:00,284946,271349,53.6851,-6.715,http://data.geohive.ie/resource/county/2ae19629-1444-13a3-e055-000000000001,0,,,,4.07506730047382,0.318615395076952
356,18,Monaghan,61386,2020/03/13 00:00:00,268914,326818,54.1857,-6.9452,http://data.geohive.ie/resource/county/2ae19629-1445-13a3-e055-000000000001,0,,,,2.84816460737341,0.178099248237119
357,19,Offaly,77961,2020/03/13 00:00:00,222690,223679,53.2632,-7.6607,http://data.geohive.ie/resource/county/2ae19629-1446-13a3-e055-000000000001,0,,,,4.1874865993254,0.268659252623451
358,20,Roscommon,64544,2020/03/13 00:00:00,182029,283486,53.8008,-8.2735,http://data.geohive.ie/resource/county/2ae19629-1447-13a3-e055-000000000001,0,,,,4.46483319992793,0.347529634263766
359,21,Sligo,65535,2020/03/13 00:00:00,165130,323355,54.1581,-8.5345,http://data.geohive.ie/resource/county/2ae19629-1449-13a3-e055-000000000001,0,,,,5.04968010145816,0.252720853615335
360,22,Tipperary,159553,2020/03/13 00:00:00,205427,154345,52.6407,-7.9206,http://data.geohive.ie/resource/county/2ae19629-144a-13a3-e055-000000000001,0,,,,5.61515128034759,0.565636165474652
361,23,Waterford,116176,2020/03/13 00:00:00,234676,105809,52.2035,-7.4935,http://data.geohive.ie/resource/county/2ae19629-144b-13a3-e055-000000000001,0,,,,4.86837867325626,0.239938128906136
362,24,Westmeath,88770,2020/03/13 00:00:00,238362,255966,53.5524,-7.4219,http://data.geohive.ie/resource/county/2ae19629-144c-13a3-e055-000000000001,0,,,,3.08909110754663,0.249849249736791
363,25,Wexford,149722,2020/03/13 00:00:00,301627,141559,52.5164,-6.5037,http://data.geohive.ie/resource/county/2ae19629-144d-13a3-e055-000000000001,0,,,,4.26160195818847,0.311355248463619
364,26,Wicklow,142425,2020/03/13 00:00:00,311162,197894,53.0205,-6.3442,http://data.geohive.ie/resource/county/2ae19629-144e-13a3-e055-000000000001,0,,,,3.02390998597358,0.271161130632389
365,1,Carlow,56932,2020/03/14 00:00:00,278661,163444,52.7168,-6.8367,http://data.geohive.ie/resource/county/2ae19629-143d-13a3-e055-000000000001,0,,,,2.2841588558823,0.11886319621816
366,2,Cavan,76176,2020/03/14 00:00:00,246380,304501,53.9878,-7.2937,http://data.geohive.ie/resource/county/2ae19629-1448-13a3-e055-000000000001,0,,,,3.7674112393481,0.264466477248625
367,3,Clare,118817,2020/03/14 00:00:00,133493,182732,52.8917,-8.9889,http://data.geohive.ie/resource/county/2ae19629-1450-13a3-e055-000000000001,0,,,,7.57590737284564,0.425059339393012
368,4,Cork,542868,2020/03/14 00:00:00,156242,77860,51.9517,-8.6372,http://data.geohive.ie/resource/county/2ae19629-1451-13a3-e055-000000000001,0,,,,16.2842231601792,0.972002189699991
369,5,Donegal,159192,2020/03/14 00:00:00,202615,405691,54.8989,-7.96,http://data.geohive.ie/resource/county/2ae19629-1452-13a3-e055-000000000001,0,,,,15.6269075952594,0.678171191480014
370,6,Dublin,1347359,2020/03/14 00:00:00,313762,235813,53.3605,-6.292,http://data.geohive.ie/resource/county/2ae19629-144f-13a3-e055-000000000001,0,,,,3.33393249373436,0.125726810206428
371,7,Galway,258058,2020/03/14 00:00:00,151045,235818,53.3705,-8.7362,http://data.geohive.ie/resource/county/2ae19629-1453-13a3-e055-000000000001,0,,,,14.9724478006633,0.822419408746906
372,8,Kerry,147707,2020/03/14 00:00:00,92975,102996,52.1689,-9.565,http://data.geohive.ie/resource/county/2ae19629-1454-13a3-e055-000000000001,0,,,,13.3238822746544,0.618598264043396
373,9,Kildare,222504,2020/03/14 00:00:00,281262,221513,53.238,-6.7837,http://data.geohive.ie/resource/county/2ae19629-1455-13a3-e055-000000000001,0,,,,3.1081417260637,0.228501976462464
374,10,Kilkenny,99232,2020/03/14 00:00:00,253094,148060,52.5816,-7.2175,http://data.geohive.ie/resource/county/2ae19629-1456-13a3-e055-000000000001,0,,,,3.18306474726685,0.273913527880299
375,11,Laois,84697,2020/03/14 00:00:00,244211,193996,52.9952,-7.3423,http://data.geohive.ie/resource/county/2ae19629-143e-13a3-e055-000000000001,0,,,,2.84615238062105,0.229854718801008
376,12,Leitrim,32044,2020/03/14 00:00:00,200446,319670,54.1261,-7.9939,http://data.geohive.ie/resource/county/2ae19629-143f-13a3-e055-000000000001,0,,,,3.18223092764249,0.218332273298499
377,13,Limerick,194899,2020/03/14 00:00:00,149743,141780,52.5255,-8.7412,http://data.geohive.ie/resource/county/2ae19629-1440-13a3-e055-000000000001,0,,,,4.99975325282574,0.354096693579968
378,14,Longford,40873,2020/03/14 00:00:00,220162,275901,53.7325,-7.6952,http://data.geohive.ie/resource/county/2ae19629-1441-13a3-e055-000000000001,0,,,,2.23033777623013,0.147954107413603
379,15,Louth,128884,2020/03/14 00:00:00,299463,297349,53.9161,-6.487,http://data.geohive.ie/resource/county/2ae19629-1442-13a3-e055-000000000001,0,,,,2.56496387966836,0.113438176617696
380,16,Mayo,130507,2020/03/14 00:00:00,117679,297355,53.9191,-9.2537,http://data.geohive.ie/resource/county/2ae19629-1443-13a3-e055-000000000001,0,,,,15.7035406008684,0.762041894899671
381,17,Meath,195044,2020/03/14 00:00:00,284946,271349,53.6851,-6.715,http://data.geohive.ie/resource/county/2ae19629-1444-13a3-e055-000000000001,0,,,,4.07506730047382,0.318615395076952
382,18,Monaghan,61386,2020/03/14 00:00:00,268914,326818,54.1857,-6.9452,http://data.geohive.ie/resource/county/2ae19629-1445-13a3-e055-000000000001,0,,,,2.84816460737341,0.178099248237119
383,19,Offaly,77961,2020/03/14 00:00:00,222690,223679,53.2632,-7.6607,http://data.geohive.ie/resource/county/2ae19629-1446-13a3-e055-000000000001,0,,,,4.1874865993254,0.268659252623451
384,20,Roscommon,64544,2020/03/14 00:00:00,182029,283486,53.8008,-8.2735,http://data.geohive.ie/resource/county/2ae19629-1447-13a3-e055-000000000001,0,,,,4.46483319992793,0.347529634263766
385,21,Sligo,65535,2020/03/14 00:00:00,165130,323355,54.1581,-8.5345,http://data.geohive.ie/resource/county/2ae19629-1449-13a3-e055-000000000001,0,,,,5.04968010145816,0.252720853615335
386,22,Tipperary,159553,2020/03/14 00:00:00,205427,154345,52.6407,-7.9206,http://data.geohive.ie/resource/county/2ae19629-144a-13a3-e055-000000000001,0,,,,5.61515128034759,0.565636165474652
387,23,Waterford,116176,2020/03/14 00:00:00,234676,105809,52.2035,-7.4935,http://data.geohive.ie/resource/county/2ae19629-144b-13a3-e055-000000000001,0,,,,4.86837867325626,0.239938128906136
388,24,Westmeath,88770,2020/03/14 00:00:00,238362,255966,53.5524,-7.4219,http://data.geohive.ie/resource/county/2ae19629-144c-13a3-e055-000000000001,0,,,,3.08909110754663,0.249849249736791
389,25,Wexford,149722,2020/03/14 00:00:00,301627,141559,52.5164,-6.5037,http://data.geohive.ie/resource/county/2ae19629-144d-13a3-e055-000000000001,0,,,,4.26160195818847,0.311355248463619
390,26,Wicklow,142425,2020/03/14 00:00:00,311162,197894,53.0205,-6.3442,http://data.geohive.ie/resource/county/2ae19629-144e-13a3-e055-000000000001,0,,,,3.02390998597358,0.271161130632389
391,1,Carlow,56932,2020/03/15 00:00:00,278661,163444,52.7168,-6.8367,http://data.geohive.ie/resource/county/2ae19629-143d-13a3-e055-000000000001,0,,,,2.2841588558823,0.11886319621816
392,2,Cavan,76176,2020/03/15 00:00:00,246380,304501,53.9878,-7.2937,http://data.geohive.ie/resource/county/2ae19629-1448-13a3-e055-000000000001,0,,,,3.7674112393481,0.264466477248625
393,3,Clare,118817,2020/03/15 00:00:00,133493,182732,52.8917,-8.9889,http://data.geohive.ie/resource/county/2ae19629-1450-13a3-e055-000000000001,0,,,,7.57590737284564,0.425059339393012
394,4,Cork,542868,2020/03/15 00:00:00,156242,77860,51.9517,-8.6372,http://data.geohive.ie/resource/county/2ae19629-1451-13a3-e055-000000000001,0,,,,16.2842231601792,0.972002189699991
395,5,Donegal,159192,2020/03/15 00:00:00,202615,405691,54.8989,-7.96,http://data.geohive.ie/resource/county/2ae19629-1452-13a3-e055-000000000001,0,,,,15.6269075952594,0.678171191480014
396,6,Dublin,1347359,2020/03/15 00:00:00,313762,235813,53.3605,-6.292,http://data.geohive.ie/resource/county/2ae19629-144f-13a3-e055-000000000001,0,,,,3.33393249373436,0.125726810206428
397,7,Galway,258058,2020/03/15 00:00:00,151045,235818,53.3705,-8.7362,http://data.geohive.ie/resource/county/2ae19629-1453-13a3-e055-000000000001,0,,,,14.9724478006633,0.822419408746906
398,8,Kerry,147707,2020/03/15 00:00:00,92975,102996,52.1689,-9.565,http://data.geohive.ie/resource/county/2ae19629-1454-13a3-e055-000000000001,0,,,,13.3238822746544,0.618598264043396
399,9,Kildare,222504,2020/03/15 00:00:00,281262,221513,53.238,-6.7837,http://data.geohive.ie/resource/county/2ae19629-1455-13a3-e055-000000000001,0,,,,3.1081417260637,0.228501976462464
400,10,Kilkenny,99232,2020/03/15 00:00:00,253094,148060,52.5816,-7.2175,http://data.geohive.ie/resource/county/2ae19629-1456-13a3-e055-000000000001,0,,,,3.18306474726685,0.273913527880299
401,11,Laois,84697,2020/03/15 00:00:00,244211,193996,52.9952,-7.3423,http://data.geohive.ie/resource/county/2ae19629-143e-13a3-e055-000000000001,0,,,,2.84615238062105,0.229854718801008
402,12,Leitrim,32044,2020/03/15 00:00:00,200446,319670,54.1261,-7.9939,http://data.geohive.ie/resource/county/2ae19629-143f-13a3-e055-000000000001,0,,,,3.18223092764249,0.218332273298499
403,13,Limerick,194899,2020/03/15 00:00:00,149743,141780,52.5255,-8.7412,http://data.geohive.ie/resource/county/2ae19629-1440-13a3-e055-000000000001,0,,,,4.99975325282574,0.354096693579968
404,14,Longford,40873,2020/03/15 00:00:00,220162,275901,53.7325,-7.6952,http://data.geohive.ie/resource/county/2ae19629-1441-13a3-e055-000000000001,0,,,,2.23033777623013,0.147954107413603
405,15,Louth,128884,2020/03/15 00:00:00,299463,297349,53.9161,-6.487,http://data.geohive.ie/resource/county/2ae19629-1442-13a3-e055-000000000001,0,,,,2.56496387966836,0.113438176617696
406,16,Mayo,130507,2020/03/15 00:00:00,117679,297355,53.9191,-9.2537,http://data.geohive.ie/resource/county/2ae19629-1443-13a3-e055-000000000001,0,,,,15.7035406008684,0.762041894899671
407,17,Meath,195044,2020/03/15 00:00:00,284946,271349,53.6851,-6.715,http://data.geohive.ie/resource/county/2ae19629-1444-13a3-e055-000000000001,0,,,,4.07506730047382,0.318615395076952
408,18,Monaghan,61386,2020/03/15 00:00:00,268914,326818,54.1857,-6.9452,http://data.geohive.ie/resource/county/2ae19629-1445-13a3-e055-000000000001,0,,,,2.84816460737341,0.178099248237119
409,19,Offaly,77961,2020/03/15 00:00:00,222690,223679,53.2632,-7.6607,http://data.geohive.ie/resource/county/2ae19629-1446-13a3-e055-000000000001,0,,,,4.1874865993254,0.268659252623451
410,20,Roscommon,64544,2020/03/15 00:00:00,182029,283486,53.8008,-8.2735,http://data.geohive.ie/resource/county/2ae19629-1447-13a3-e055-000000000001,0,,,,4.46483319992793,0.347529634263766
411,21,Sligo,65535,2020/03/15 00:00:00,165130,323355,54.1581,-8.5345,http://data.geohive.ie/resource/county/2ae19629-1449-13a3-e055-000000000001,0,,,,5.04968010145816,0.252720853615335
412,22,Tipperary,159553,2020/03/15 00:00:00,205427,154345,52.6407,-7.9206,http://data.geohive.ie/resource/county/2ae19629-144a-13a3-e055-000000000001,0,,,,5.61515128034759,0.565636165474652
413,23,Waterford,116176,2020/03/15 00:00:00,234676,105809,52.2035,-7.4935,http://data.geohive.ie/resource/county/2ae19629-144b-13a3-e055-000000000001,0,,,,4.86837867325626,0.239938128906136
414,24,Westmeath,88770,2020/03/15 00:00:00,238362,255966,53.5524,-7.4219,http://data.geohive.ie/resource/county/2ae19629-144c-13a3-e055-000000000001,0,,,,3.08909110754663,0.249849249736791
415,25,Wexford,149722,2020/03/15 00:00:00,301627,141559,52.5164,-6.5037,http://data.geohive.ie/resource/county/2ae19629-144d-13a3-e055-000000000001,0,,,,4.26160195818847,0.311355248463619
416,26,Wicklow,142425,2020/03/15 00:00:00,311162,197894,53.0205,-6.3442,http://data.geohive.ie/resource/county/2ae19629-144e-13a3-e055-000000000001,0,,,,3.02390998597358,0.271161130632389
417,1,Carlow,56932,2020/03/16 00:00:00,278661,163444,52.7168,-6.8367,http://data.geohive.ie/resource/county/2ae19629-143d-13a3-e055-000000000001,0,,,,2.2841588558823,0.11886319621816
418,2,Cavan,76176,2020/03/16 00:00:00,246380,304501,53.9878,-7.2937,http://data.geohive.ie/resource/county/2ae19629-1448-13a3-e055-000000000001,0,,,,3.7674112393481,0.264466477248625
419,3,Clare,118817,2020/03/16 00:00:00,133493,182732,52.8917,-8.9889,http://data.geohive.ie/resource/county/2ae19629-1450-13a3-e055-000000000001,0,,,,7.57590737284564,0.425059339393012
420,4,Cork,542868,2020/03/16 00:00:00,156242,77860,51.9517,-8.6372,http://data.geohive.ie/resource/county/2ae19629-1451-13a3-e055-000000000001,0,,,,16.2842231601792,0.972002189699991
421,5,Donegal,159192,2020/03/16 00:00:00,202615,405691,54.8989,-7.96,http://data.geohive.ie/resource/county/2ae19629-1452-13a3-e055-000000000001,0,,,,15.6269075952594,0.678171191480014
422,6,Dublin,1347359,2020/03/16 00:00:00,313762,235813,53.3605,-6.292,http://data.geohive.ie/resource/county/2ae19629-144f-13a3-e055-000000000001,0,,,,3.33393249373436,0.125726810206428
423,7,Galway,258058,2020/03/16 00:00:00,151045,235818,53.3705,-8.7362,http://data.geohive.ie/resource/county/2ae19629-1453-13a3-e055-000000000001,0,,,,14.9724478006633,0.822419408746906
424,8,Kerry,147707,2020/03/16 00:00:00,92975,102996,52.1689,-9.565,http://data.geohive.ie/resource/county/2ae19629-1454-13a3-e055-000000000001,0,,,,13.3238822746544,0.618598264043396
425,9,Kildare,222504,2020/03/16 00:00:00,281262,221513,53.238,-6.7837,http://data.geohive.ie/resource/county/2ae19629-1455-13a3-e055-000000000001,0,,,,3.1081417260637,0.228501976462464
426,10,Kilkenny,99232,2020/03/16 00:00:00,253094,148060,52.5816,-7.2175,http://data.geohive.ie/resource/county/2ae19629-1456-13a3-e055-000000000001,0,,,,3.18306474726685,0.273913527880299
427,11,Laois,84697,2020/03/16 00:00:00,244211,193996,52.9952,-7.3423,http://data.geohive.ie/resource/county/2ae19629-143e-13a3-e055-000000000001,0,,,,2.84615238062105,0.229854718801008
428,12,Leitrim,32044,2020/03/16 00:00:00,200446,319670,54.1261,-7.9939,http://data.geohive.ie/resource/county/2ae19629-143f-13a3-e055-000000000001,0,,,,3.18223092764249,0.218332273298499
429,13,Limerick,194899,2020/03/16 00:00:00,149743,141780,52.5255,-8.7412,http://data.geohive.ie/resource/county/2ae19629-1440-13a3-e055-000000000001,0,,,,4.99975325282574,0.354096693579968
430,14,Longford,40873,2020/03/16 00:00:00,220162,275901,53.7325,-7.6952,http://data.geohive.ie/resource/county/2ae19629-1441-13a3-e055-000000000001,0,,,,2.23033777623013,0.147954107413603
431,15,Louth,128884,2020/03/16 00:00:00,299463,297349,53.9161,-6.487,http://data.geohive.ie/resource/county/2ae19629-1442-13a3-e055-000000000001,0,,,,2.56496387966836,0.113438176617696
432,16,Mayo,130507,2020/03/16 00:00:00,117679,297355,53.9191,-9.2537,http://data.geohive.ie/resource/county/2ae19629-1443-13a3-e055-000000000001,0,,,,15.7035406008684,0.762041894899671
433,17,Meath,195044,2020/03/16 00:00:00,284946,271349,53.6851,-6.715,http://data.geohive.ie/resource/county/2ae19629-1444-13a3-e055-000000000001,0,,,,4.07506730047382,0.318615395076952
434,18,Monaghan,61386,2020/03/16 00:00:00,268914,326818,54.1857,-6.9452,http://data.geohive.ie/resource/county/2ae19629-1445-13a3-e055-000000000001,0,,,,2.84816460737341,0.178099248237119
435,19,Offaly,77961,2020/03/16 00:00:00,222690,223679,53.2632,-7.6607,http://data.geohive.ie/resource/county/2ae19629-1446-13a3-e055-000000000001,0,,,,4.1874865993254,0.268659252623451
436,20,Roscommon,64544,2020/03/16 00:00:00,182029,283486,53.8008,-8.2735,http://data.geohive.ie/resource/county/2ae19629-1447-13a3-e055-000000000001,0,,,,4.46483319992793,0.347529634263766
437,21,Sligo,65535,2020/03/16 00:00:00,165130,323355,54.1581,-8.5345,http://data.geohive.ie/resource/county/2ae19629-1449-13a3-e055-000000000001,0,,,,5.04968010145816,0.252720853615335
438,22,Tipperary,159553,2020/03/16 00:00:00,205427,154345,52.6407,-7.9206,http://data.geohive.ie/resource/county/2ae19629-144a-13a3-e055-000000000001,0,,,,5.61515128034759,0.565636165474652
439,23,Waterford,116176,2020/03/16 00:00:00,234676,105809,52.2035,-7.4935,http://data.geohive.ie/resource/county/2ae19629-144b-13a3-e055-000000000001,0,,,,4.86837867325626,0.239938128906136
440,24,Westmeath,88770,2020/03/16 00:00:00,238362,255966,53.5524,-7.4219,http://data.geohive.ie/resource/county/2ae19629-144c-13a3-e055-000000000001,0,,,,3.08909110754663,0.249849249736791
441,25,Wexford,149722,2020/03/16 00:00:00,301627,141559,52.5164,-6.5037,http://data.geohive.ie/resource/county/2ae19629-144d-13a3-e055-000000000001,0,,,,4.26160195818847,0.311355248463619
442,26,Wicklow,142425,2020/03/16 00:00:00,311162,197894,53.0205,-6.3442,http://data.geohive.ie/resource/county/2ae19629-144e-13a3-e055-000000000001,0,,,,3.02390998597358,0.271161130632389
443,1,Carlow,56932,2020/03/17 00:00:00,278661,163444,52.7168,-6.8367,http://data.geohive.ie/resource/county/2ae19629-143d-13a3-e055-000000000001,0,,,,2.2841588558823,0.11886319621816
444,2,Cavan,76176,2020/03/17 00:00:00,246380,304501,53.9878,-7.2937,http://data.geohive.ie/resource/county/2ae19629-1448-13a3-e055-000000000001,0,,,,3.7674112393481,0.264466477248625
445,3,Clare,118817,2020/03/17 00:00:00,133493,182732,52.8917,-8.9889,http://data.geohive.ie/resource/county/2ae19629-1450-13a3-e055-000000000001,0,,,,7.57590737284564,0.425059339393012
446,4,Cork,542868,2020/03/17 00:00:00,156242,77860,51.9517,-8.6372,http://data.geohive.ie/resource/county/2ae19629-1451-13a3-e055-000000000001,0,,,,16.2842231601792,0.972002189699991
447,5,Donegal,159192,2020/03/17 00:00:00,202615,405691,54.8989,-7.96,http://data.geohive.ie/resource/county/2ae19629-1452-13a3-e055-000000000001,0,,,,15.6269075952594,0.678171191480014
448,6,Dublin,1347359,2020/03/17 00:00:00,313762,235813,53.3605,-6.292,http://data.geohive.ie/resource/county/2ae19629-144f-13a3-e055-000000000001,0,,,,3.33393249373436,0.125726810206428
449,7,Galway,258058,2020/03/17 00:00:00,151045,235818,53.3705,-8.7362,http://data.geohive.ie/resource/county/2ae19629-1453-13a3-e055-000000000001,0,,,,14.9724478006633,0.822419408746906
450,8,Kerry,147707,2020/03/17 00:00:00,92975,102996,52.1689,-9.565,http://data.geohive.ie/resource/county/2ae19629-1454-13a3-e055-000000000001,0,,,,13.3238822746544,0.618598264043396
451,9,Kildare,222504,2020/03/17 00:00:00,281262,221513,53.238,-6.7837,http://data.geohive.ie/resource/county/2ae19629-1455-13a3-e055-000000000001,0,,,,3.1081417260637,0.228501976462464
452,10,Kilkenny,99232,2020/03/17 00:00:00,253094,148060,52.5816,-7.2175,http://data.geohive.ie/resource/county/2ae19629-1456-13a3-e055-000000000001,0,,,,3.18306474726685,0.273913527880299
453,11,Laois,84697,2020/03/17 00:00:00,244211,193996,52.9952,-7.3423,http://data.geohive.ie/resource/county/2ae19629-143e-13a3-e055-000000000001,0,,,,2.84615238062105,0.229854718801008
454,12,Leitrim,32044,2020/03/17 00:00:00,200446,319670,54.1261,-7.9939,http://data.geohive.ie/resource/county/2ae19629-143f-13a3-e055-000000000001,0,,,,3.18223092764249,0.218332273298499
455,13,Limerick,194899,2020/03/17 00:00:00,149743,141780,52.5255,-8.7412,http://data.geohive.ie/resource/county/2ae19629-1440-13a3-e055-000000000001,0,,,,4.99975325282574,0.354096693579968
456,14,Longford,40873,2020/03/17 00:00:00,220162,275901,53.7325,-7.6952,http://data.geohive.ie/resource/county/2ae19629-1441-13a3-e055-000000000001,0,,,,2.23033777623013,0.147954107413603
457,15,Louth,128884,2020/03/17 00:00:00,299463,297349,53.9161,-6.487,http://data.geohive.ie/resource/county/2ae19629-1442-13a3-e055-000000000001,0,,,,2.56496387966836,0.113438176617696
458,16,Mayo,130507,2020/03/17 00:00:00,117679,297355,53.9191,-9.2537,http://data.geohive.ie/resource/county/2ae19629-1443-13a3-e055-000000000001,0,,,,15.7035406008684,0.762041894899671
459,17,Meath,195044,2020/03/17 00:00:00,284946,271349,53.6851,-6.715,http://data.geohive.ie/resource/county/2ae19629-1444-13a3-e055-000000000001,0,,,,4.07506730047382,0.318615395076952
460,18,Monaghan,61386,2020/03/17 00:00:00,268914,326818,54.1857,-6.9452,http://data.geohive.ie/resource/county/2ae19629-1445-13a3-e055-000000000001,0,,,,2.84816460737341,0.178099248237119
461,19,Offaly,77961,2020/03/17 00:00:00,222690,223679,53.2632,-7.6607,http://data.geohive.ie/resource/county/2ae19629-1446-13a3-e055-000000000001,0,,,,4.1874865993254,0.268659252623451
462,20,Roscommon,64544,2020/03/17 00:00:00,182029,283486,53.8008,-8.2735,http://data.geohive.ie/resource/county/2ae19629-1447-13a3-e055-000000000001,0,,,,4.46483319992793,0.347529634263766
463,21,Sligo,65535,2020/03/17 00:00:00,165130,323355,54.1581,-8.5345,http://data.geohive.ie/resource/county/2ae19629-1449-13a3-e055-000000000001,0,,,,5.04968010145816,0.252720853615335
464,22,Tipperary,159553,2020/03/17 00:00:00,205427,154345,52.6407,-7.9206,http://data.geohive.ie/resource/county/2ae19629-144a-13a3-e055-000000000001,0,,,,5.61515128034759,0.565636165474652
465,23,Waterford,116176,2020/03/17 00:00:00,234676,105809,52.2035,-7.4935,http://data.geohive.ie/resource/county/2ae19629-144b-13a3-e055-000000000001,0,,,,4.86837867325626,0.239938128906136
466,24,Westmeath,88770,2020/03/17 00:00:00,238362,255966,53.5524,-7.4219,http://data.geohive.ie/resource/county/2ae19629-144c-13a3-e055-000000000001,0,,,,3.08909110754663,0.249849249736791
467,25,Wexford,149722,2020/03/17 00:00:00,301627,141559,52.5164,-6.5037,http://data.geohive.ie/resource/county/2ae19629-144d-13a3-e055-000000000001,0,,,,4.26160195818847,0.311355248463619
468,26,Wicklow,142425,2020/03/17 00:00:00,311162,197894,53.0205,-6.3442,http://data.geohive.ie/resource/county/2ae19629-144e-13a3-e055-000000000001,0,,,,3.02390998597358,0.271161130632389
469,1,Carlow,56932,2020/03/18 00:00:00,278661,163444,52.7168,-6.8367,http://data.geohive.ie/resource/county/2ae19629-143d-13a3-e055-000000000001,0,,,,2.2841588558823,0.11886319621816
470,2,Cavan,76176,2020/03/18 00:00:00,246380,304501,53.9878,-7.2937,http://data.geohive.ie/resource/county/2ae19629-1448-13a3-e055-000000000001,0,,,,3.7674112393481,0.264466477248625
471,3,Clare,118817,2020/03/18 00:00:00,133493,182732,52.8917,-8.9889,http://data.geohive.ie/resource/county/2ae19629-1450-13a3-e055-000000000001,0,,,,7.57590737284564,0.425059339393012
472,4,Cork,542868,2020/03/18 00:00:00,156242,77860,51.9517,-8.6372,http://data.geohive.ie/resource/county/2ae19629-1451-13a3-e055-000000000001,0,,,,16.2842231601792,0.972002189699991
473,5,Donegal,159192,2020/03/18 00:00:00,202615,405691,54.8989,-7.96,http://data.geohive.ie/resource/county/2ae19629-1452-13a3-e055-000000000001,0,,,,15.6269075952594,0.678171191480014
474,6,Dublin,1347359,2020/03/18 00:00:00,313762,235813,53.3605,-6.292,http://data.geohive.ie/resource/county/2ae19629-144f-13a3-e055-000000000001,0,,,,3.33393249373436,0.125726810206428
475,7,Galway,258058,2020/03/18 00:00:00,151045,235818,53.3705,-8.7362,http://data.geohive.ie/resource/county/2ae19629-1453-13a3-e055-000000000001,0,,,,14.9724478006633,0.822419408746906
476,8,Kerry,147707,2020/03/18 00:00:00,92975,102996,52.1689,-9.565,http://data.geohive.ie/resource/county/2ae19629-1454-13a3-e055-000000000001,0,,,,13.3238822746544,0.618598264043396
477,9,Kildare,222504,2020/03/18 00:00:00,281262,221513,53.238,-6.7837,http://data.geohive.ie/resource/county/2ae19629-1455-13a3-e055-000000000001,0,,,,3.1081417260637,0.228501976462464
478,10,Kilkenny,99232,2020/03/18 00:00:00,253094,148060,52.5816,-7.2175,http://data.geohive.ie/resource/county/2ae19629-1456-13a3-e055-000000000001,0,,,,3.18306474726685,0.273913527880299
479,11,Laois,84697,2020/03/18 00:00:00,244211,193996,52.9952,-7.3423,http://data.geohive.ie/resource/county/2ae19629-143e-13a3-e055-000000000001,0,,,,2.84615238062105,0.229854718801008
480,12,Leitrim,32044,2020/03/18 00:00:00,200446,319670,54.1261,-7.9939,http://data.geohive.ie/resource/county/2ae19629-143f-13a3-e055-000000000001,0,,,,3.18223092764249,0.218332273298499
481,13,Limerick,194899,2020/03/18 00:00:00,149743,141780,52.5255,-8.7412,http://data.geohive.ie/resource/county/2ae19629-1440-13a3-e055-000000000001,0,,,,4.99975325282574,0.354096693579968
482,14,Longford,40873,2020/03/18 00:00:00,220162,275901,53.7325,-7.6952,http://data.geohive.ie/resource/county/2ae19629-1441-13a3-e055-000000000001,0,,,,2.23033777623013,0.147954107413603
483,15,Louth,128884,2020/03/18 00:00:00,299463,297349,53.9161,-6.487,http://data.geohive.ie/resource/county/2ae19629-1442-13a3-e055-000000000001,0,,,,2.56496387966836,0.113438176617696
484,16,Mayo,130507,2020/03/18 00:00:00,117679,297355,53.9191,-9.2537,http://data.geohive.ie/resource/county/2ae19629-1443-13a3-e055-000000000001,0,,,,15.7035406008684,0.762041894899671
485,17,Meath,195044,2020/03/18 00:00:00,284946,271349,53.6851,-6.715,http://data.geohive.ie/resource/county/2ae19629-1444-13a3-e055-000000000001,0,,,,4.07506730047382,0.318615395076952
486,18,Monaghan,61386,2020/03/18 00:00:00,268914,326818,54.1857,-6.9452,http://data.geohive.ie/resource/county/2ae19629-1445-13a3-e055-000000000001,0,,,,2.84816460737341,0.178099248237119
487,19,Offaly,77961,2020/03/18 00:00:00,222690,223679,53.2632,-7.6607,http://data.geohive.ie/resource/county/2ae19629-1446-13a3-e055-000000000001,0,,,,4.1874865993254,0.268659252623451
488,20,Roscommon,64544,2020/03/18 00:00:00,182029,283486,53.8008,-8.2735,http://data.geohive.ie/resource/county/2ae19629-1447-13a3-e055-000000000001,0,,,,4.46483319992793,0.347529634263766
489,21,Sligo,65535,2020/03/18 00:00:00,165130,323355,54.1581,-8.5345,http://data.geohive.ie/resource/county/2ae19629-1449-13a3-e055-000000000001,0,,,,5.04968010145816,0.252720853615335
490,22,Tipperary,159553,2020/03/18 00:00:00,205427,154345,52.6407,-7.9206,http://data.geohive.ie/resource/county/2ae19629-144a-13a3-e055-000000000001,0,,,,5.61515128034759,0.565636165474652
491,23,Waterford,116176,2020/03/18 00:00:00,234676,105809,52.2035,-7.4935,http://data.geohive.ie/resource/county/2ae19629-144b-13a3-e055-000000000001,0,,,,4.86837867325626,0.239938128906136
492,24,Westmeath,88770,2020/03/18 00:00:00,238362,255966,53.5524,-7.4219,http://data.geohive.ie/resource/county/2ae19629-144c-13a3-e055-000000000001,0,,,,3.08909110754663,0.249849249736791
493,25,Wexford,149722,2020/03/18 00:00:00,301627,141559,52.5164,-6.5037,http://data.geohive.ie/resource/county/2ae19629-144d-13a3-e055-000000000001,0,,,,4.26160195818847,0.311355248463619
494,26,Wicklow,142425,2020/03/18 00:00:00,311162,197894,53.0205,-6.3442,http://data.geohive.ie/resource/county/2ae19629-144e-13a3-e055-000000000001,0,,,,3.02390998597358,0.271161130632389
495,1,Carlow,56932,2020/03/19 00:00:00,278661,163444,52.7168,-6.8367,http://data.geohive.ie/resource/county/2ae19629-143d-13a3-e055-000000000001,0,,,,2.2841588558823,0.11886319621816
496,2,Cavan,76176,2020/03/19 00:00:00,246380,304501,53.9878,-7.2937,http://data.geohive.ie/resource/county/2ae19629-1448-13a3-e055-000000000001,0,,,,3.7674112393481,0.264466477248625
497,3,Clare,118817,2020/03/19 00:00:00,133493,182732,52.8917,-8.9889,http://data.geohive.ie/resource/county/2ae19629-1450-13a3-e055-000000000001,0,,,,7.57590737284564,0.425059339393012
